,product_name,product_price,product_memory,product_color,product_url,img_url
1, iPhone 14 Pro Max 128GB | Chính hãng VN/A ,26.790.000 đ,128GB,Vàng,https://cellphones.com.vn/iphone-14-pro-max.html,"https://cdn2.cellphones.com.vn/x358,webp,q100/media/catalog/product/t/_/t_m_18.png"
2, iPhone 14 Pro Max 128GB | Chính hãng VN/A ,26.790.000 đ,128GB,Bạc,https://cellphones.com.vn/iphone-14-pro-max.html,"https://cdn2.cellphones.com.vn/x358,webp,q100/media/catalog/product/t/_/t_m_18.png"
3, iPhone 14 Pro Max 128GB | Chính hãng VN/A ,26.790.000 đ,128GB,Đen,https://cellphones.com.vn/iphone-14-pro-max.html,"https://cdn2.cellphones.com.vn/x358,webp,q100/media/catalog/product/t/_/t_m_18.png"
4, iPhone 14 Pro Max 128GB | Chính hãng VN/A ,26.790.000 đ,128GB,Tím,https://cellphones.com.vn/iphone-14-pro-max.html,"https://cdn2.cellphones.com.vn/x358,webp,q100/media/catalog/product/t/_/t_m_18.png"
5, iPhone 14 Plus 128GB | Chính hãng VN/A ,21.390.000 đ,128GB,Đen,https://cellphones.com.vn/iphone-14-plus.html,"https://cdn2.cellphones.com.vn/x358,webp,q100/media/catalog/product/p/h/photo_2022-09-28_21-58-51_4.jpg"
6, iPhone 14 Plus 128GB | Chính hãng VN/A ,21.390.000 đ,128GB,Đỏ,https://cellphones.com.vn/iphone-14-plus.html,"https://cdn2.cellphones.com.vn/x358,webp,q100/media/catalog/product/p/h/photo_2022-09-28_21-58-51_4.jpg"
7, iPhone 14 Plus 128GB | Chính hãng VN/A ,21.390.000 đ,128GB,Trắng,https://cellphones.com.vn/iphone-14-plus.html,"https://cdn2.cellphones.com.vn/x358,webp,q100/media/catalog/product/p/h/photo_2022-09-28_21-58-51_4.jpg"
8, iPhone 14 Plus 128GB | Chính hãng VN/A ,21.390.000 đ,128GB,Tím,https://cellphones.com.vn/iphone-14-plus.html,"https://cdn2.cellphones.com.vn/x358,webp,q100/media/catalog/product/p/h/photo_2022-09-28_21-58-51_4.jpg"
9, iPhone 14 Plus 128GB | Chính hãng VN/A ,21.390.000 đ,128GB,Vàng,https://cellphones.com.vn/iphone-14-plus.html,"https://cdn2.cellphones.com.vn/x358,webp,q100/media/catalog/product/p/h/photo_2022-09-28_21-58-51_4.jpg"
10, iPhone 14 Plus 128GB | Chính hãng VN/A ,21.390.000 đ,128GB,Xanh,https://cellphones.com.vn/iphone-14-plus.html,"https://cdn2.cellphones.com.vn/x358,webp,q100/media/catalog/product/p/h/photo_2022-09-28_21-58-51_4.jpg"
11, ASUS ROG Phone 5S 16GB 256GB ,17.690.000 đ,16GB 256GB,Bạc,https://cellphones.com.vn/asus-rog-phone-5s.html,"https://cdn2.cellphones.com.vn/x358,webp,q100/media/catalog/product/a/s/asus-rog-phone-5_0002_gsmarena_001_3_1.jpg"
12, ASUS ROG Phone 5S 16GB 256GB ,17.690.000 đ,16GB 256GB,Đen,https://cellphones.com.vn/asus-rog-phone-5s.html,"https://cdn2.cellphones.com.vn/x358,webp,q100/media/catalog/product/a/s/asus-rog-phone-5_0002_gsmarena_001_3_1.jpg"
13, iPhone 14 Plus 256GB | Chính hãng VN/A ,23.590.000 đ,256GB,Vàng,https://cellphones.com.vn/iphone-14-plus-256gb.html,"https://cdn2.cellphones.com.vn/x358,webp,q100/media/catalog/product/p/h/photo_2022-09-28_21-58-51_6.jpg"
14, iPhone 14 Plus 256GB | Chính hãng VN/A ,23.590.000 đ,256GB,Đen,https://cellphones.com.vn/iphone-14-plus-256gb.html,"https://cdn2.cellphones.com.vn/x358,webp,q100/media/catalog/product/p/h/photo_2022-09-28_21-58-51_6.jpg"
15, iPhone 14 Plus 256GB | Chính hãng VN/A ,23.590.000 đ,256GB,Tím,https://cellphones.com.vn/iphone-14-plus-256gb.html,"https://cdn2.cellphones.com.vn/x358,webp,q100/media/catalog/product/p/h/photo_2022-09-28_21-58-51_6.jpg"
16, iPhone 14 Plus 256GB | Chính hãng VN/A ,23.590.000 đ,256GB,Trắng,https://cellphones.com.vn/iphone-14-plus-256gb.html,"https://cdn2.cellphones.com.vn/x358,webp,q100/media/catalog/product/p/h/photo_2022-09-28_21-58-51_6.jpg"
17, iPhone 14 Plus 256GB | Chính hãng VN/A ,23.590.000 đ,256GB,Đỏ,https://cellphones.com.vn/iphone-14-plus-256gb.html,"https://cdn2.cellphones.com.vn/x358,webp,q100/media/catalog/product/p/h/photo_2022-09-28_21-58-51_6.jpg"
18, iPhone 14 Plus 256GB | Chính hãng VN/A ,23.590.000 đ,256GB,Xanh,https://cellphones.com.vn/iphone-14-plus-256gb.html,"https://cdn2.cellphones.com.vn/x358,webp,q100/media/catalog/product/p/h/photo_2022-09-28_21-58-51_6.jpg"
19, Xiaomi 11 Lite 5G NE ,6.790.000 đ,128GB,Hồng,https://cellphones.com.vn/xiaomi-11-lite-5g-ne.html,"https://cdn2.cellphones.com.vn/x358,webp,q100/media/catalog/product/x/i/xiaomi-11-lite-5g-014_1.jpg"
20, Xiaomi 11 Lite 5G NE ,6.790.000 đ,128GB,Trắng,https://cellphones.com.vn/xiaomi-11-lite-5g-ne.html,"https://cdn2.cellphones.com.vn/x358,webp,q100/media/catalog/product/x/i/xiaomi-11-lite-5g-014_1.jpg"
21, Xiaomi 11 Lite 5G NE ,6.790.000 đ,128GB,Đen,https://cellphones.com.vn/xiaomi-11-lite-5g-ne.html,"https://cdn2.cellphones.com.vn/x358,webp,q100/media/catalog/product/x/i/xiaomi-11-lite-5g-014_1.jpg"
22, Xiaomi 11 Lite 5G NE ,6.790.000 đ,128GB,Xanh,https://cellphones.com.vn/xiaomi-11-lite-5g-ne.html,"https://cdn2.cellphones.com.vn/x358,webp,q100/media/catalog/product/x/i/xiaomi-11-lite-5g-014_1.jpg"
23, Samsung Galaxy A14 4G ,3.990.000 đ,128GB,Đỏ,https://cellphones.com.vn/samsung-galaxy-a14-4g.html,"https://cdn2.cellphones.com.vn/x358,webp,q100/media/catalog/product/s/a/samsung-galaxy-a14-4g.jpg"
24, Samsung Galaxy A14 4G ,3.990.000 đ,128GB,Đen,https://cellphones.com.vn/samsung-galaxy-a14-4g.html,"https://cdn2.cellphones.com.vn/x358,webp,q100/media/catalog/product/s/a/samsung-galaxy-a14-4g.jpg"
25, Samsung Galaxy A14 4G ,3.990.000 đ,128GB,Bạc,https://cellphones.com.vn/samsung-galaxy-a14-4g.html,"https://cdn2.cellphones.com.vn/x358,webp,q100/media/catalog/product/s/a/samsung-galaxy-a14-4g.jpg"
26, Samsung Galaxy A14 5G ,4.690.000 đ,128GB,Bạc,https://cellphones.com.vn/samsung-galaxy-a14.html,"https://cdn2.cellphones.com.vn/x358,webp,q100/media/catalog/product/s/a/samsung-galaxy-a14_1_.jpg"
27, Samsung Galaxy A14 5G ,4.690.000 đ,128GB,Đỏ,https://cellphones.com.vn/samsung-galaxy-a14.html,"https://cdn2.cellphones.com.vn/x358,webp,q100/media/catalog/product/s/a/samsung-galaxy-a14_1_.jpg"
28, Samsung Galaxy A14 5G ,4.690.000 đ,128GB,Đen,https://cellphones.com.vn/samsung-galaxy-a14.html,"https://cdn2.cellphones.com.vn/x358,webp,q100/media/catalog/product/s/a/samsung-galaxy-a14_1_.jpg"
29, Xiaomi Mi 11 Lite 5G ,7.490.000 đ,128GB,Vàng,https://cellphones.com.vn/xiaomi-mi-11-lite.html,"https://cdn2.cellphones.com.vn/x358,webp,q100/media/catalog/product/x/i/xiaomi-mi-11-lite-5g-2_10.png"
30, Xiaomi Mi 11 Lite 5G ,7.490.000 đ,128GB,Đen,https://cellphones.com.vn/xiaomi-mi-11-lite.html,"https://cdn2.cellphones.com.vn/x358,webp,q100/media/catalog/product/x/i/xiaomi-mi-11-lite-5g-2_10.png"
31, Xiaomi Mi 11 Lite 5G ,7.490.000 đ,128GB,Xanh bạc hà,https://cellphones.com.vn/xiaomi-mi-11-lite.html,"https://cdn2.cellphones.com.vn/x358,webp,q100/media/catalog/product/x/i/xiaomi-mi-11-lite-5g-2_10.png"
32, iPhone 14 Pro Max 256GB | Chính hãng VN/A ,29.750.000 đ,256GB,Vàng,https://cellphones.com.vn/iphone-14-pro-max-256gb.html,"https://cdn2.cellphones.com.vn/x358,webp,q100/media/catalog/product/v/_/v_ng_20.png"
33, iPhone 14 Pro Max 256GB | Chính hãng VN/A ,29.750.000 đ,256GB,Bạc,https://cellphones.com.vn/iphone-14-pro-max-256gb.html,"https://cdn2.cellphones.com.vn/x358,webp,q100/media/catalog/product/v/_/v_ng_20.png"
34, iPhone 14 Pro Max 256GB | Chính hãng VN/A ,29.750.000 đ,256GB,Đen,https://cellphones.com.vn/iphone-14-pro-max-256gb.html,"https://cdn2.cellphones.com.vn/x358,webp,q100/media/catalog/product/v/_/v_ng_20.png"
35, iPhone 14 Pro Max 256GB | Chính hãng VN/A ,29.750.000 đ,256GB,Tím,https://cellphones.com.vn/iphone-14-pro-max-256gb.html,"https://cdn2.cellphones.com.vn/x358,webp,q100/media/catalog/product/v/_/v_ng_20.png"
36, iPhone 14 Pro Max 512GB | Chính hãng VN/A ,36.190.000 đ,512GB,Bạc,https://cellphones.com.vn/iphone-14-pro-max-512gb.html,"https://cdn2.cellphones.com.vn/x358,webp,q100/media/catalog/product/t/_/t_m-iphone-14-pro_2.png"
37, iPhone 14 Pro Max 512GB | Chính hãng VN/A ,36.190.000 đ,512GB,Vàng,https://cellphones.com.vn/iphone-14-pro-max-512gb.html,"https://cdn2.cellphones.com.vn/x358,webp,q100/media/catalog/product/t/_/t_m-iphone-14-pro_2.png"
38, iPhone 14 Pro Max 512GB | Chính hãng VN/A ,36.190.000 đ,512GB,Tím,https://cellphones.com.vn/iphone-14-pro-max-512gb.html,"https://cdn2.cellphones.com.vn/x358,webp,q100/media/catalog/product/t/_/t_m-iphone-14-pro_2.png"
39, iPhone 14 Pro Max 512GB | Chính hãng VN/A ,36.190.000 đ,512GB,Đen,https://cellphones.com.vn/iphone-14-pro-max-512gb.html,"https://cdn2.cellphones.com.vn/x358,webp,q100/media/catalog/product/t/_/t_m-iphone-14-pro_2.png"
40, Samsung Galaxy A73 128GB ,9.490.000 đ,8GB 128GB,Xám,https://cellphones.com.vn/samsung-galaxy-a73-128gb.html,"https://cdn2.cellphones.com.vn/x358,webp,q100/media/catalog/product/s/a/samsung-galaxy-a73-1-600x600_3.jpg"
41, Samsung Galaxy A73 128GB ,9.490.000 đ,8GB 128GB,Trắng,https://cellphones.com.vn/samsung-galaxy-a73-128gb.html,"https://cdn2.cellphones.com.vn/x358,webp,q100/media/catalog/product/s/a/samsung-galaxy-a73-1-600x600_3.jpg"
42, Samsung Galaxy A73 128GB ,9.490.000 đ,8GB 128GB,Xanh,https://cellphones.com.vn/samsung-galaxy-a73-128gb.html,"https://cdn2.cellphones.com.vn/x358,webp,q100/media/catalog/product/s/a/samsung-galaxy-a73-1-600x600_3.jpg"
43, Samsung Galaxy S23 Plus 8GB 256GB ,23.990.000 đ,256GB,Tím,https://cellphones.com.vn/samsung-galaxy-s23-plus.html,"https://cdn2.cellphones.com.vn/x358,webp,q100/media/catalog/product/_/g/_global_version_sm-s916_galaxys23plus_front_cream_221122.jpg"
44, Samsung Galaxy S23 Plus 8GB 256GB ,23.990.000 đ,256GB,Đen,https://cellphones.com.vn/samsung-galaxy-s23-plus.html,"https://cdn2.cellphones.com.vn/x358,webp,q100/media/catalog/product/_/g/_global_version_sm-s916_galaxys23plus_front_cream_221122.jpg"
45, Samsung Galaxy S23 Plus 8GB 256GB ,23.990.000 đ,256GB,Xanh,https://cellphones.com.vn/samsung-galaxy-s23-plus.html,"https://cdn2.cellphones.com.vn/x358,webp,q100/media/catalog/product/_/g/_global_version_sm-s916_galaxys23plus_front_cream_221122.jpg"
46, Samsung Galaxy S23 Plus 8GB 256GB ,23.990.000 đ,256GB,Trắng,https://cellphones.com.vn/samsung-galaxy-s23-plus.html,"https://cdn2.cellphones.com.vn/x358,webp,q100/media/catalog/product/_/g/_global_version_sm-s916_galaxys23plus_front_cream_221122.jpg"
47, Samsung galaxy S23 Plus 8GB 512GB ,26.990.000 đ,512GB,Đen,https://cellphones.com.vn/samsung-galaxy-s23-plus-512gb.html,"https://cdn2.cellphones.com.vn/x358,webp,q100/media/catalog/product/_/g/_global_version_sm-s916_galaxys23plus_front_cream_221122_2.jpg"
48, Samsung galaxy S23 Plus 8GB 512GB ,26.990.000 đ,512GB,Tím,https://cellphones.com.vn/samsung-galaxy-s23-plus-512gb.html,"https://cdn2.cellphones.com.vn/x358,webp,q100/media/catalog/product/_/g/_global_version_sm-s916_galaxys23plus_front_cream_221122_2.jpg"
49, Samsung galaxy S23 Plus 8GB 512GB ,26.990.000 đ,512GB,Trắng,https://cellphones.com.vn/samsung-galaxy-s23-plus-512gb.html,"https://cdn2.cellphones.com.vn/x358,webp,q100/media/catalog/product/_/g/_global_version_sm-s916_galaxys23plus_front_cream_221122_2.jpg"
50, Samsung galaxy S23 Plus 8GB 512GB ,26.990.000 đ,512GB,Xanh,https://cellphones.com.vn/samsung-galaxy-s23-plus-512gb.html,"https://cdn2.cellphones.com.vn/x358,webp,q100/media/catalog/product/_/g/_global_version_sm-s916_galaxys23plus_front_cream_221122_2.jpg"
51, Samsung Galaxy A23 4G ,4.390.000 đ,128GB,Cam,https://cellphones.com.vn/samsung-galaxy-a23.html,"https://cdn2.cellphones.com.vn/x358,webp,q100/media/catalog/product/s/a/samsung-galaxy-a23-cam-thumb-600x600_1.jpg"
52, Samsung Galaxy A23 4G ,4.390.000 đ,128GB,Xanh dương,https://cellphones.com.vn/samsung-galaxy-a23.html,"https://cdn2.cellphones.com.vn/x358,webp,q100/media/catalog/product/s/a/samsung-galaxy-a23-cam-thumb-600x600_1.jpg"
53, Samsung Galaxy A23 4G ,4.390.000 đ,128GB,Đen,https://cellphones.com.vn/samsung-galaxy-a23.html,"https://cdn2.cellphones.com.vn/x358,webp,q100/media/catalog/product/s/a/samsung-galaxy-a23-cam-thumb-600x600_1.jpg"
54, Samsung Galaxy A23 5G ,4.890.000 đ,128GB,Đen,https://cellphones.com.vn/samsung-galaxy-a23-5g.html,"https://cdn2.cellphones.com.vn/x358,webp,q100/media/catalog/product/2/2/22_14.jpg"
55, Samsung Galaxy A23 5G ,4.890.000 đ,128GB,Xanh,https://cellphones.com.vn/samsung-galaxy-a23-5g.html,"https://cdn2.cellphones.com.vn/x358,webp,q100/media/catalog/product/2/2/22_14.jpg"
56, Samsung Galaxy S23 Ultra 256GB ,26.990.000 đ,8GB 256GB,Tím,https://cellphones.com.vn/samsung-galaxy-s23-ultra.html,"https://cdn2.cellphones.com.vn/x358,webp,q100/media/catalog/product/g/a/galaxys23ultra_front_green_221122_2.jpg"
57, Samsung Galaxy S23 Ultra 256GB ,26.990.000 đ,8GB 256GB,Đen,https://cellphones.com.vn/samsung-galaxy-s23-ultra.html,"https://cdn2.cellphones.com.vn/x358,webp,q100/media/catalog/product/g/a/galaxys23ultra_front_green_221122_2.jpg"
58, Samsung Galaxy S23 Ultra 256GB ,26.990.000 đ,8GB 256GB,Trắng,https://cellphones.com.vn/samsung-galaxy-s23-ultra.html,"https://cdn2.cellphones.com.vn/x358,webp,q100/media/catalog/product/g/a/galaxys23ultra_front_green_221122_2.jpg"
59, Samsung Galaxy S23 Ultra 256GB ,26.990.000 đ,8GB 256GB,Xanh,https://cellphones.com.vn/samsung-galaxy-s23-ultra.html,"https://cdn2.cellphones.com.vn/x358,webp,q100/media/catalog/product/g/a/galaxys23ultra_front_green_221122_2.jpg"
60, Samsung Galaxy A54 5G 8GB 128GB ,9.490.000 đ,8GB 128GB,Tím,https://cellphones.com.vn/samsung-galaxy-a54.html,"https://cdn2.cellphones.com.vn/x358,webp,q100/media/catalog/product/s/a/samsung-galaxy-a54_3_.jpg"
61, Samsung Galaxy A54 5G 8GB 128GB ,9.490.000 đ,8GB 128GB,Xanh dương,https://cellphones.com.vn/samsung-galaxy-a54.html,"https://cdn2.cellphones.com.vn/x358,webp,q100/media/catalog/product/s/a/samsung-galaxy-a54_3_.jpg"
62, Samsung Galaxy A54 5G 8GB 128GB ,9.490.000 đ,8GB 128GB,Đen,https://cellphones.com.vn/samsung-galaxy-a54.html,"https://cdn2.cellphones.com.vn/x358,webp,q100/media/catalog/product/s/a/samsung-galaxy-a54_3_.jpg"
63, Samsung Galaxy A54 8GB 256GB ,9.990.000 đ,8GB 256GB,Tím,https://cellphones.com.vn/samsung-galaxy-a54-8gb-256gb.html,"https://cdn2.cellphones.com.vn/x358,webp,q100/media/catalog/product/s/m/sm-a546_galaxy_a54_5g_awesome_violet_front_2.png"
64, Samsung Galaxy A54 8GB 256GB ,9.990.000 đ,8GB 256GB,Đen,https://cellphones.com.vn/samsung-galaxy-a54-8gb-256gb.html,"https://cdn2.cellphones.com.vn/x358,webp,q100/media/catalog/product/s/m/sm-a546_galaxy_a54_5g_awesome_violet_front_2.png"
65, Samsung Galaxy A54 8GB 256GB ,9.990.000 đ,8GB 256GB,Xanh dương,https://cellphones.com.vn/samsung-galaxy-a54-8gb-256gb.html,"https://cdn2.cellphones.com.vn/x358,webp,q100/media/catalog/product/s/m/sm-a546_galaxy_a54_5g_awesome_violet_front_2.png"
66, Samsung Galaxy Z Fold4 ,35.990.000 đ,256GB,Xanh,https://cellphones.com.vn/samsung-galaxy-z-fold-4.html,"https://cdn2.cellphones.com.vn/x358,webp,q100/media/catalog/product/s/a/samsung_galaxy_z_fold_4-7.jpg"
67, Samsung Galaxy Z Fold4 ,35.990.000 đ,256GB,Đen,https://cellphones.com.vn/samsung-galaxy-z-fold-4.html,"https://cdn2.cellphones.com.vn/x358,webp,q100/media/catalog/product/s/a/samsung_galaxy_z_fold_4-7.jpg"
68, Samsung Galaxy Z Fold4 ,35.990.000 đ,256GB,Kem,https://cellphones.com.vn/samsung-galaxy-z-fold-4.html,"https://cdn2.cellphones.com.vn/x358,webp,q100/media/catalog/product/s/a/samsung_galaxy_z_fold_4-7.jpg"
69, Samsung Galaxy S21 FE 8GB 128GB ,10.490.000 đ,8GB 128GB,Trắng,https://cellphones.com.vn/samsung-galaxy-s21-fe-8gb-128gb.html,"https://cdn2.cellphones.com.vn/x358,webp,q100/media/catalog/product/s/m/sm-g990_s21fe_backfront_lv.png"
70, Samsung Galaxy S21 FE 8GB 128GB ,10.490.000 đ,8GB 128GB,Xanh lá,https://cellphones.com.vn/samsung-galaxy-s21-fe-8gb-128gb.html,"https://cdn2.cellphones.com.vn/x358,webp,q100/media/catalog/product/s/m/sm-g990_s21fe_backfront_lv.png"
71, Samsung Galaxy S21 FE 8GB 128GB ,10.490.000 đ,8GB 128GB,Tím,https://cellphones.com.vn/samsung-galaxy-s21-fe-8gb-128gb.html,"https://cdn2.cellphones.com.vn/x358,webp,q100/media/catalog/product/s/m/sm-g990_s21fe_backfront_lv.png"
72, Samsung Galaxy S21 FE 8GB 128GB ,10.490.000 đ,8GB 128GB,Xám,https://cellphones.com.vn/samsung-galaxy-s21-fe-8gb-128gb.html,"https://cdn2.cellphones.com.vn/x358,webp,q100/media/catalog/product/s/m/sm-g990_s21fe_backfront_lv.png"
73, Samsung Galaxy S22 Ultra (8GB - 128GB) ,17.990.000 đ,8GB 128GB,Trắng,https://cellphones.com.vn/samsung-galaxy-s22-ultra.html,"https://cdn2.cellphones.com.vn/x358,webp,q100/media/catalog/product/s/m/sm-s908_galaxys22ultra_front_burgundy_211119.jpg"
74, Samsung Galaxy S22 Ultra (8GB - 128GB) ,17.990.000 đ,8GB 128GB,Đỏ,https://cellphones.com.vn/samsung-galaxy-s22-ultra.html,"https://cdn2.cellphones.com.vn/x358,webp,q100/media/catalog/product/s/m/sm-s908_galaxys22ultra_front_burgundy_211119.jpg"
75, Samsung Galaxy S22 Ultra (8GB - 128GB) ,17.990.000 đ,8GB 128GB,Xanh,https://cellphones.com.vn/samsung-galaxy-s22-ultra.html,"https://cdn2.cellphones.com.vn/x358,webp,q100/media/catalog/product/s/m/sm-s908_galaxys22ultra_front_burgundy_211119.jpg"
76, Samsung Galaxy S22 Ultra (8GB - 128GB) ,17.990.000 đ,8GB 128GB,Đen,https://cellphones.com.vn/samsung-galaxy-s22-ultra.html,"https://cdn2.cellphones.com.vn/x358,webp,q100/media/catalog/product/s/m/sm-s908_galaxys22ultra_front_burgundy_211119.jpg"
77, Samsung Galaxy S22 Ultra (12GB - 256GB) - Độc quyền ,19.490.000 đ,12GB 256GB,Xanh,https://cellphones.com.vn/samsung-galaxy-s22-ultra-12gb-256gb.html,"https://cdn2.cellphones.com.vn/x358,webp,q100/media/catalog/product/s/m/sm-s908_galaxys22ultra_front_phantomblack_211119_2.jpg"
78, Samsung Galaxy S22 Ultra (12GB - 256GB) - Độc quyền ,19.490.000 đ,12GB 256GB,Đen,https://cellphones.com.vn/samsung-galaxy-s22-ultra-12gb-256gb.html,"https://cdn2.cellphones.com.vn/x358,webp,q100/media/catalog/product/s/m/sm-s908_galaxys22ultra_front_phantomblack_211119_2.jpg"
79, Samsung Galaxy S22 Ultra (12GB - 256GB) - Độc quyền ,19.490.000 đ,12GB 256GB,Đỏ,https://cellphones.com.vn/samsung-galaxy-s22-ultra-12gb-256gb.html,"https://cdn2.cellphones.com.vn/x358,webp,q100/media/catalog/product/s/m/sm-s908_galaxys22ultra_front_phantomblack_211119_2.jpg"
80, Samsung Galaxy S22 Ultra (12GB - 256GB) - Độc quyền ,19.490.000 đ,12GB 256GB,Trắng,https://cellphones.com.vn/samsung-galaxy-s22-ultra-12gb-256gb.html,"https://cdn2.cellphones.com.vn/x358,webp,q100/media/catalog/product/s/m/sm-s908_galaxys22ultra_front_phantomblack_211119_2.jpg"
81, Samsung Galaxy Z Flip4 128GB ,15.990.000 đ,128GB,Vàng,https://cellphones.com.vn/samsung-galaxy-z-flip-4.html,"https://cdn2.cellphones.com.vn/x358,webp,q100/media/catalog/product/s/a/samsung_galaxy_z_flip_m_i_2022-1_1.jpg"
82, Samsung Galaxy Z Flip4 128GB ,15.990.000 đ,128GB,Tím,https://cellphones.com.vn/samsung-galaxy-z-flip-4.html,"https://cdn2.cellphones.com.vn/x358,webp,q100/media/catalog/product/s/a/samsung_galaxy_z_flip_m_i_2022-1_1.jpg"
83, Samsung Galaxy Z Flip4 128GB ,15.990.000 đ,128GB,Xám,https://cellphones.com.vn/samsung-galaxy-z-flip-4.html,"https://cdn2.cellphones.com.vn/x358,webp,q100/media/catalog/product/s/a/samsung_galaxy_z_flip_m_i_2022-1_1.jpg"
84, Samsung Galaxy Z Flip4 128GB ,15.990.000 đ,128GB,Xanh,https://cellphones.com.vn/samsung-galaxy-z-flip-4.html,"https://cdn2.cellphones.com.vn/x358,webp,q100/media/catalog/product/s/a/samsung_galaxy_z_flip_m_i_2022-1_1.jpg"
85, Samsung Galaxy Z Flip4 256GB ,17.990.000 đ,256GB,Kem,https://cellphones.com.vn/samsung-galaxy-z-flip-4-256gb.html,"https://cdn2.cellphones.com.vn/x358,webp,q100/media/catalog/product/s/a/samsung_galaxy_z_flip_m_i_2022-1_2.jpg"
86, Samsung Galaxy Z Flip4 256GB ,17.990.000 đ,256GB,Tím,https://cellphones.com.vn/samsung-galaxy-z-flip-4-256gb.html,"https://cdn2.cellphones.com.vn/x358,webp,q100/media/catalog/product/s/a/samsung_galaxy_z_flip_m_i_2022-1_2.jpg"
87, Samsung Galaxy Z Flip4 256GB ,17.990.000 đ,256GB,Xám,https://cellphones.com.vn/samsung-galaxy-z-flip-4-256gb.html,"https://cdn2.cellphones.com.vn/x358,webp,q100/media/catalog/product/s/a/samsung_galaxy_z_flip_m_i_2022-1_2.jpg"
88, Samsung Galaxy Z Flip4 256GB ,17.990.000 đ,256GB,Xanh,https://cellphones.com.vn/samsung-galaxy-z-flip-4-256gb.html,"https://cdn2.cellphones.com.vn/x358,webp,q100/media/catalog/product/s/a/samsung_galaxy_z_flip_m_i_2022-1_2.jpg"
89, Samsung Galaxy Z Fold4 512GB ,39.490.000 đ,512GB,Xanh,https://cellphones.com.vn/samsung-galaxy-z-fold-4-512gb.html,"https://cdn2.cellphones.com.vn/x358,webp,q100/media/catalog/product/s/a/samsung_galaxy_z_fold_4-7_3.jpg"
90, Samsung Galaxy Z Fold4 512GB ,39.490.000 đ,512GB,Đen,https://cellphones.com.vn/samsung-galaxy-z-fold-4-512gb.html,"https://cdn2.cellphones.com.vn/x358,webp,q100/media/catalog/product/s/a/samsung_galaxy_z_fold_4-7_3.jpg"
91, Samsung Galaxy Z Fold4 512GB ,39.490.000 đ,512GB,Kem,https://cellphones.com.vn/samsung-galaxy-z-fold-4-512gb.html,"https://cdn2.cellphones.com.vn/x358,webp,q100/media/catalog/product/s/a/samsung_galaxy_z_fold_4-7_3.jpg"
92, Samsung Galaxy S23 Ultra 12GB 512GB,29.990.000 đ,12GB 512GB,Đen,https://cellphones.com.vn/samsung-galaxy-s23-ultra-12gb-512gb.html,"https://cdn2.cellphones.com.vn/x358,webp,q100/media/catalog/product/g/a/galaxys23ultra_front_green_221122_1.jpg"
93, Samsung Galaxy S23 Ultra 12GB 512GB,29.990.000 đ,12GB 512GB,Tím,https://cellphones.com.vn/samsung-galaxy-s23-ultra-12gb-512gb.html,"https://cdn2.cellphones.com.vn/x358,webp,q100/media/catalog/product/g/a/galaxys23ultra_front_green_221122_1.jpg"
94, Samsung Galaxy S23 Ultra 12GB 512GB,29.990.000 đ,12GB 512GB,Trắng,https://cellphones.com.vn/samsung-galaxy-s23-ultra-12gb-512gb.html,"https://cdn2.cellphones.com.vn/x358,webp,q100/media/catalog/product/g/a/galaxys23ultra_front_green_221122_1.jpg"
95, Samsung Galaxy S23 Ultra 12GB 512GB,29.990.000 đ,12GB 512GB,Xanh,https://cellphones.com.vn/samsung-galaxy-s23-ultra-12gb-512gb.html,"https://cdn2.cellphones.com.vn/x358,webp,q100/media/catalog/product/g/a/galaxys23ultra_front_green_221122_1.jpg"
96, Samsung Galaxy S23 Ultra 12GB 1TB ,35.990.000 đ,12GB 1TB,Trắng,https://cellphones.com.vn/samsung-galaxy-s23-ultra-12gb-1tb.html,"https://cdn2.cellphones.com.vn/x358,webp,q100/media/catalog/product/s/2/s23-ultra-xanh_4.png"
97, Samsung Galaxy S23 Ultra 12GB 1TB ,35.990.000 đ,12GB 1TB,Đen,https://cellphones.com.vn/samsung-galaxy-s23-ultra-12gb-1tb.html,"https://cdn2.cellphones.com.vn/x358,webp,q100/media/catalog/product/s/2/s23-ultra-xanh_4.png"
98, Samsung Galaxy S23 Ultra 12GB 1TB ,35.990.000 đ,12GB 1TB,Tím,https://cellphones.com.vn/samsung-galaxy-s23-ultra-12gb-1tb.html,"https://cdn2.cellphones.com.vn/x358,webp,q100/media/catalog/product/s/2/s23-ultra-xanh_4.png"
99, Samsung Galaxy S23 Ultra 12GB 1TB ,35.990.000 đ,12GB 1TB,Xanh,https://cellphones.com.vn/samsung-galaxy-s23-ultra-12gb-1tb.html,"https://cdn2.cellphones.com.vn/x358,webp,q100/media/catalog/product/s/2/s23-ultra-xanh_4.png"
100, POCO X5 5G 6GB 128GB - Chỉ có tại CellphoneS ,5.450.000 đ,128GB,Xanh lá,https://cellphones.com.vn/poco-x5.html,"https://cdn2.cellphones.com.vn/x358,webp,q100/media/catalog/product/d/7/d78000_2__1.jpg"
101, POCO X5 5G 6GB 128GB - Chỉ có tại CellphoneS ,5.450.000 đ,128GB,Đen,https://cellphones.com.vn/poco-x5.html,"https://cdn2.cellphones.com.vn/x358,webp,q100/media/catalog/product/d/7/d78000_2__1.jpg"
102, POCO X5 5G 8GB 256GB ,6.350.000 đ,256GB,Xanh dương,https://cellphones.com.vn/poco-x5-256gb.html,"https://cdn2.cellphones.com.vn/x358,webp,q100/media/catalog/product/d/7/d78000_2__1_2.jpg"
103, POCO X5 5G 8GB 256GB ,6.350.000 đ,256GB,Xanh lá,https://cellphones.com.vn/poco-x5-256gb.html,"https://cdn2.cellphones.com.vn/x358,webp,q100/media/catalog/product/d/7/d78000_2__1_2.jpg"
104, POCO X5 5G 8GB 256GB ,6.350.000 đ,256GB,Đen,https://cellphones.com.vn/poco-x5-256gb.html,"https://cdn2.cellphones.com.vn/x358,webp,q100/media/catalog/product/d/7/d78000_2__1_2.jpg"
105, Xiaomi POCO M5 4GB 64GB ,3.300.000 đ,4GB 64GB,Đen,https://cellphones.com.vn/xiaomi-poco-m5.html,"https://cdn2.cellphones.com.vn/x358,webp,q100/media/catalog/product/f/v/fvssxa.jpg"
106, Xiaomi POCO M5 4GB 64GB ,3.300.000 đ,4GB 64GB,Vàng,https://cellphones.com.vn/xiaomi-poco-m5.html,"https://cdn2.cellphones.com.vn/x358,webp,q100/media/catalog/product/f/v/fvssxa.jpg"
107, Xiaomi POCO M5 4GB 64GB ,3.300.000 đ,4GB 64GB,Xanh,https://cellphones.com.vn/xiaomi-poco-m5.html,"https://cdn2.cellphones.com.vn/x358,webp,q100/media/catalog/product/f/v/fvssxa.jpg"
108, Xiaomi POCO X5 Pro 5G 6GB 128GB ,6.550.000 đ,128GB,Vàng,https://cellphones.com.vn/poco-x5-pro.html,"https://cdn2.cellphones.com.vn/x358,webp,q100/media/catalog/product/d/7/d78000_6_.jpg"
109, Xiaomi POCO X5 Pro 5G 6GB 128GB ,6.550.000 đ,128GB,Xanh dương,https://cellphones.com.vn/poco-x5-pro.html,"https://cdn2.cellphones.com.vn/x358,webp,q100/media/catalog/product/d/7/d78000_6_.jpg"
110, Xiaomi 12 Pro (5G) ,14.490.000 đ,256GB,Xám,https://cellphones.com.vn/xiaomi-mi-12-pro.html,"https://cdn2.cellphones.com.vn/x358,webp,q100/media/catalog/product/x/i/xiaomi-12-pro_arenamobiles.jpg"
111, Xiaomi 12 Pro (5G) ,14.490.000 đ,256GB,Xanh dương,https://cellphones.com.vn/xiaomi-mi-12-pro.html,"https://cdn2.cellphones.com.vn/x358,webp,q100/media/catalog/product/x/i/xiaomi-12-pro_arenamobiles.jpg"
112, Xiaomi 12 Pro (5G) ,14.490.000 đ,256GB,Tím,https://cellphones.com.vn/xiaomi-mi-12-pro.html,"https://cdn2.cellphones.com.vn/x358,webp,q100/media/catalog/product/x/i/xiaomi-12-pro_arenamobiles.jpg"
113, Xiaomi 13 Lite ,9.790.000 đ,256GB,Xanh,https://cellphones.com.vn/xiaomi-13-lite.html,"https://cdn2.cellphones.com.vn/x358,webp,q100/media/catalog/product/1/3/13_liteee.jpg"
114, Xiaomi 13 Lite ,9.790.000 đ,256GB,Hồng,https://cellphones.com.vn/xiaomi-13-lite.html,"https://cdn2.cellphones.com.vn/x358,webp,q100/media/catalog/product/1/3/13_liteee.jpg"
115, Xiaomi 13 Lite ,9.790.000 đ,256GB,Đen,https://cellphones.com.vn/xiaomi-13-lite.html,"https://cdn2.cellphones.com.vn/x358,webp,q100/media/catalog/product/1/3/13_liteee.jpg"
116, Xiaomi 12T 8GB 128GB ,9.690.000 đ,128GB,Đen,https://cellphones.com.vn/xiaomi-mi-12t.html,"https://cdn2.cellphones.com.vn/x358,webp,q100/media/catalog/product/x/i/xiaomi-12t-den_1.jpg"
117, Xiaomi 12T 8GB 128GB ,9.690.000 đ,128GB,Bạc,https://cellphones.com.vn/xiaomi-mi-12t.html,"https://cdn2.cellphones.com.vn/x358,webp,q100/media/catalog/product/x/i/xiaomi-12t-den_1.jpg"
118, Xiaomi 12T 8GB 128GB ,9.690.000 đ,128GB,Xanh dương,https://cellphones.com.vn/xiaomi-mi-12t.html,"https://cdn2.cellphones.com.vn/x358,webp,q100/media/catalog/product/x/i/xiaomi-12t-den_1.jpg"
119, Xiaomi Redmi Note 12 ,4.290.000 đ,128GB,Xám,https://cellphones.com.vn/xiaomi-redmi-note-12.html,"https://cdn2.cellphones.com.vn/x358,webp,q100/media/catalog/product/g/t/gtt_7766_3__1.jpg"
120, Xiaomi Redmi Note 12 ,4.290.000 đ,128GB,Xanh dương,https://cellphones.com.vn/xiaomi-redmi-note-12.html,"https://cdn2.cellphones.com.vn/x358,webp,q100/media/catalog/product/g/t/gtt_7766_3__1.jpg"
121, Xiaomi Redmi Note 12 ,4.290.000 đ,128GB,Xanh lá,https://cellphones.com.vn/xiaomi-redmi-note-12.html,"https://cdn2.cellphones.com.vn/x358,webp,q100/media/catalog/product/g/t/gtt_7766_3__1.jpg"
122, Xiaomi Redmi Note 12S ,6.190.000 đ,256GB,Xanh dương,https://cellphones.com.vn/xiaomi-redmi-note-12s.html,"https://cdn2.cellphones.com.vn/x358,webp,q100/media/catalog/product/x/i/xiaomi-redmi-note-12s.jpg"
123, Xiaomi Redmi Note 12S ,6.190.000 đ,256GB,Đen,https://cellphones.com.vn/xiaomi-redmi-note-12s.html,"https://cdn2.cellphones.com.vn/x358,webp,q100/media/catalog/product/x/i/xiaomi-redmi-note-12s.jpg"
124, Xiaomi Redmi Note 12S ,6.190.000 đ,256GB,Xanh lá,https://cellphones.com.vn/xiaomi-redmi-note-12s.html,"https://cdn2.cellphones.com.vn/x358,webp,q100/media/catalog/product/x/i/xiaomi-redmi-note-12s.jpg"
125, Xiaomi Redmi Note 12 Pro 4G 8GB 256GB ,7.490.000 đ,256GB,Xanh dương đậm,https://cellphones.com.vn/xiaomi-redmi-note-12-pro-4g.html,"https://cdn2.cellphones.com.vn/x358,webp,q100/media/catalog/product/r/e/redmi-note-12-pro-4g-1-den.jpg"
126, Xiaomi Redmi Note 12 Pro 4G 8GB 256GB ,7.490.000 đ,256GB,Xám,https://cellphones.com.vn/xiaomi-redmi-note-12-pro-4g.html,"https://cdn2.cellphones.com.vn/x358,webp,q100/media/catalog/product/r/e/redmi-note-12-pro-4g-1-den.jpg"
127, Xiaomi Redmi Note 12 Pro 4G 8GB 256GB ,7.490.000 đ,256GB,Xanh dương nhạt,https://cellphones.com.vn/xiaomi-redmi-note-12-pro-4g.html,"https://cdn2.cellphones.com.vn/x358,webp,q100/media/catalog/product/r/e/redmi-note-12-pro-4g-1-den.jpg"
128, Xiaomi Redmi Note 12 Pro 5G ,8.990.000 đ,256GB,Trắng,https://cellphones.com.vn/xiaomi-redmi-note-12-pro-5g.html,"https://cdn2.cellphones.com.vn/x358,webp,q100/media/catalog/product/g/t/gtt7766.jpg"
129, Xiaomi Redmi Note 12 Pro 5G ,8.990.000 đ,256GB,Đen,https://cellphones.com.vn/xiaomi-redmi-note-12-pro-5g.html,"https://cdn2.cellphones.com.vn/x358,webp,q100/media/catalog/product/g/t/gtt7766.jpg"
130, Xiaomi Redmi Note 12 Pro 5G ,8.990.000 đ,256GB,Xanh dương,https://cellphones.com.vn/xiaomi-redmi-note-12-pro-5g.html,"https://cdn2.cellphones.com.vn/x358,webp,q100/media/catalog/product/g/t/gtt7766.jpg"
131, Xiaomi 12T Pro ,14.690.000 đ,256GB,Xám,https://cellphones.com.vn/xiaomi-mi-12t-pro.html,"https://cdn2.cellphones.com.vn/x358,webp,q100/media/catalog/product/x/i/xiaomi-12t-xanh_2.jpg"
132, Xiaomi 12T Pro ,14.690.000 đ,256GB,Xanh dương (Độc quyền),https://cellphones.com.vn/xiaomi-mi-12t-pro.html,"https://cdn2.cellphones.com.vn/x358,webp,q100/media/catalog/product/x/i/xiaomi-12t-xanh_2.jpg"
133, Xiaomi 12T Pro ,14.690.000 đ,256GB,Bạc,https://cellphones.com.vn/xiaomi-mi-12t-pro.html,"https://cdn2.cellphones.com.vn/x358,webp,q100/media/catalog/product/x/i/xiaomi-12t-xanh_2.jpg"
134, Xiaomi 13 8GB 256GB ,17.490.000 đ,256GB,Đen,https://cellphones.com.vn/xiaomi-13.html,"https://cdn2.cellphones.com.vn/x358,webp,q100/media/catalog/product/p/m/pms_1670745783.80967984.png"
135, Xiaomi 13 8GB 256GB ,17.490.000 đ,256GB,Xanh lá,https://cellphones.com.vn/xiaomi-13.html,"https://cdn2.cellphones.com.vn/x358,webp,q100/media/catalog/product/p/m/pms_1670745783.80967984.png"
136, Xiaomi 13 8GB 256GB ,17.490.000 đ,256GB,Trắng (độc quyền),https://cellphones.com.vn/xiaomi-13.html,"https://cdn2.cellphones.com.vn/x358,webp,q100/media/catalog/product/p/m/pms_1670745783.80967984.png"
137, Xiaomi 13 Pro 12GB 256GB ,23.490.000 đ,256GB,Trắng,https://cellphones.com.vn/xiaomi-13-pro.html,"https://cdn2.cellphones.com.vn/x358,webp,q100/media/catalog/product/1/3/13_prooo.jpg"
138, Xiaomi 13 Pro 12GB 256GB ,23.490.000 đ,256GB,Đen,https://cellphones.com.vn/xiaomi-13-pro.html,"https://cdn2.cellphones.com.vn/x358,webp,q100/media/catalog/product/1/3/13_prooo.jpg"
139, Xiaomi Redmi Note 11 Pro Plus 5G - Chỉ có tại CellphoneS ,8.290.000 đ,256GB,Xanh lá,https://cellphones.com.vn/xiaomi-redmi-note-11-pro-plus.html,"https://cdn2.cellphones.com.vn/x358,webp,q100/media/catalog/product/1/1/11-pro-plus-blue.jpg"
140, Xiaomi Redmi Note 11 Pro Plus 5G - Chỉ có tại CellphoneS ,8.290.000 đ,256GB,Xanh dương,https://cellphones.com.vn/xiaomi-redmi-note-11-pro-plus.html,"https://cdn2.cellphones.com.vn/x358,webp,q100/media/catalog/product/1/1/11-pro-plus-blue.jpg"
141, Xiaomi Redmi Note 11 Pro Plus 5G - Chỉ có tại CellphoneS ,8.290.000 đ,256GB,Xám,https://cellphones.com.vn/xiaomi-redmi-note-11-pro-plus.html,"https://cdn2.cellphones.com.vn/x358,webp,q100/media/catalog/product/1/1/11-pro-plus-blue.jpg"
142, Xiaomi Redmi Note 11 Pro 5G ,6.890.000 đ,128GB,Trắng,https://cellphones.com.vn/xiaomi-redmi-note-11-pro-5g.html,"https://cdn2.cellphones.com.vn/x358,webp,q100/media/catalog/product/x/i/xiaomi_redmi_note_.jpg_pro_5g_blanco_01_l.jpg"
143, Xiaomi Redmi Note 11 Pro 5G ,6.890.000 đ,128GB,Xanh dương,https://cellphones.com.vn/xiaomi-redmi-note-11-pro-5g.html,"https://cdn2.cellphones.com.vn/x358,webp,q100/media/catalog/product/x/i/xiaomi_redmi_note_.jpg_pro_5g_blanco_01_l.jpg"
144, Xiaomi Redmi Note 11 Pro 5G ,6.890.000 đ,128GB,Xám,https://cellphones.com.vn/xiaomi-redmi-note-11-pro-5g.html,"https://cdn2.cellphones.com.vn/x358,webp,q100/media/catalog/product/x/i/xiaomi_redmi_note_.jpg_pro_5g_blanco_01_l.jpg"
145, Xiaomi POCO X5 Pro 8GB 256GB ,7.390.000 đ,256GB,Đen,https://cellphones.com.vn/poco-x5-pro-256gb.html,"https://cdn2.cellphones.com.vn/x358,webp,q100/media/catalog/product/d/7/d78000_6__2.jpg"
146, Xiaomi POCO X5 Pro 8GB 256GB ,7.390.000 đ,256GB,Xanh dương,https://cellphones.com.vn/poco-x5-pro-256gb.html,"https://cdn2.cellphones.com.vn/x358,webp,q100/media/catalog/product/d/7/d78000_6__2.jpg"
147, Xiaomi POCO X5 Pro 8GB 256GB ,7.390.000 đ,256GB,Vàng,https://cellphones.com.vn/poco-x5-pro-256gb.html,"https://cdn2.cellphones.com.vn/x358,webp,q100/media/catalog/product/d/7/d78000_6__2.jpg"
148, Xiaomi POCO M5s 4GB 64GB ,3.750.000 đ,4GB 64GB,Trắng,https://cellphones.com.vn/xiaomi-poco-m5s.html,"https://cdn2.cellphones.com.vn/x358,webp,q100/media/catalog/product/p/o/poco-m5s-trang-thumb-600x600.jpg"
149, Xiaomi POCO M5s 4GB 64GB ,3.750.000 đ,4GB 64GB,Xanh dương,https://cellphones.com.vn/xiaomi-poco-m5s.html,"https://cdn2.cellphones.com.vn/x358,webp,q100/media/catalog/product/p/o/poco-m5s-trang-thumb-600x600.jpg"
150, Xiaomi POCO M5s 4GB 64GB ,3.750.000 đ,4GB 64GB,Xám,https://cellphones.com.vn/xiaomi-poco-m5s.html,"https://cdn2.cellphones.com.vn/x358,webp,q100/media/catalog/product/p/o/poco-m5s-trang-thumb-600x600.jpg"
151, Xiaomi POCO M5 6GB 128GB ,4.050.000 đ,6GB 128GB,Xanh lá,https://cellphones.com.vn/xiaomi-poco-m5-6gb-128gb.html,"https://cdn2.cellphones.com.vn/x358,webp,q100/media/catalog/product/f/v/fvssxa_3.jpg"
152, Xiaomi POCO M5 6GB 128GB ,4.050.000 đ,6GB 128GB,Đen,https://cellphones.com.vn/xiaomi-poco-m5-6gb-128gb.html,"https://cdn2.cellphones.com.vn/x358,webp,q100/media/catalog/product/f/v/fvssxa_3.jpg"
153, Xiaomi POCO M5s 6GB 128GB ,4.690.000 đ,6GB 128GB,Vàng,https://cellphones.com.vn/xiaomi-poco-m5s-6gb-128gb.html,"https://cdn2.cellphones.com.vn/x358,webp,q100/media/catalog/product/v/_/v_fn77_2.jpg"
154, Xiaomi POCO M5s 6GB 128GB ,4.690.000 đ,6GB 128GB,Trắng,https://cellphones.com.vn/xiaomi-poco-m5s-6gb-128gb.html,"https://cdn2.cellphones.com.vn/x358,webp,q100/media/catalog/product/v/_/v_fn77_2.jpg"
155, Xiaomi POCO M5s 6GB 128GB ,4.690.000 đ,6GB 128GB,Xám,https://cellphones.com.vn/xiaomi-poco-m5s-6gb-128gb.html,"https://cdn2.cellphones.com.vn/x358,webp,q100/media/catalog/product/v/_/v_fn77_2.jpg"
156, OPPO Reno6 Z 5G ,6.790.000 đ,128GB,Đen,https://cellphones.com.vn/oppo-reno-6z.html,"https://cdn2.cellphones.com.vn/x358,webp,q100/media/catalog/product/o/p/oppo_reno6.jpg"
157, OPPO Reno6 Z 5G ,6.790.000 đ,128GB,Bạc,https://cellphones.com.vn/oppo-reno-6z.html,"https://cdn2.cellphones.com.vn/x358,webp,q100/media/catalog/product/o/p/oppo_reno6.jpg"
158, OPPO Reno8 ,7.490.000 đ,256GB,Đen,https://cellphones.com.vn/oppo-reno-8.html,"https://cdn2.cellphones.com.vn/x358,webp,q100/media/catalog/product/c/o/combo_product_-_reno8_4g_-_gold.png"
159, OPPO Reno8 ,7.490.000 đ,256GB,Vàng,https://cellphones.com.vn/oppo-reno-8.html,"https://cdn2.cellphones.com.vn/x358,webp,q100/media/catalog/product/c/o/combo_product_-_reno8_4g_-_gold.png"
160, OPPO Reno7 Z (5G) ,7.000.000 đ,128GB,Bạc,https://cellphones.com.vn/oppo-reno7-z.html,"https://cdn2.cellphones.com.vn/x358,webp,q100/media/catalog/product/c/o/combo_product_-_rainbow_spectrum_-_reno7_z.png"
161, OPPO Reno7 Z (5G) ,7.000.000 đ,128GB,Đen,https://cellphones.com.vn/oppo-reno7-z.html,"https://cdn2.cellphones.com.vn/x358,webp,q100/media/catalog/product/c/o/combo_product_-_rainbow_spectrum_-_reno7_z.png"
162, OPPO A57 ,3.790.000 đ,64G 64GB,Đen,https://cellphones.com.vn/oppo-a57.html,"https://cdn2.cellphones.com.vn/x358,webp,q100/media/catalog/product/c/o/combo_a57_-_black.jpg"
163, OPPO A57 ,3.790.000 đ,64G 64GB,Xanh,https://cellphones.com.vn/oppo-a57.html,"https://cdn2.cellphones.com.vn/x358,webp,q100/media/catalog/product/c/o/combo_a57_-_black.jpg"
164, OPPO A57 4GB 128GB ,4.390.000 đ,128GB,Vàng,https://cellphones.com.vn/oppo-a57-128gb.html,"https://cdn2.cellphones.com.vn/x358,webp,q100/media/catalog/product/c/o/combo_a57_-_black_3.jpg"
165, OPPO A57 4GB 128GB ,4.390.000 đ,128GB,Đen,https://cellphones.com.vn/oppo-a57-128gb.html,"https://cdn2.cellphones.com.vn/x358,webp,q100/media/catalog/product/c/o/combo_a57_-_black_3.jpg"
166, OPPO A57 4GB 128GB ,4.390.000 đ,128GB,Xanh,https://cellphones.com.vn/oppo-a57-128gb.html,"https://cdn2.cellphones.com.vn/x358,webp,q100/media/catalog/product/c/o/combo_a57_-_black_3.jpg"
167, OPPO Reno7 (5G) ,7.590.000 đ,256GB,Xanh,https://cellphones.com.vn/oppo-reno-7.html,"https://cdn2.cellphones.com.vn/x358,webp,q100/media/catalog/product/c/o/combo_product_-_blue_-_reno7_5g.png"
168, OPPO Reno7 (5G) ,7.590.000 đ,256GB,Đen,https://cellphones.com.vn/oppo-reno-7.html,"https://cdn2.cellphones.com.vn/x358,webp,q100/media/catalog/product/c/o/combo_product_-_blue_-_reno7_5g.png"
169, OPPO Reno 7 Pro ,11.190.000 đ,256GB,Đen,https://cellphones.com.vn/oppo-reno7-pro.html,"https://cdn2.cellphones.com.vn/x358,webp,q100/media/catalog/product/t/_/t_i_xu_ng_42__3.png"
170, OPPO Reno 7 Pro ,11.190.000 đ,256GB,Xanh,https://cellphones.com.vn/oppo-reno7-pro.html,"https://cdn2.cellphones.com.vn/x358,webp,q100/media/catalog/product/t/_/t_i_xu_ng_42__3.png"
171, OPPO Reno8 5G 8GB 256GB,13.990.000 đ,256GB,Vàng,https://cellphones.com.vn/oppo-reno-8-5g.html,"https://cdn2.cellphones.com.vn/x358,webp,q100/media/catalog/product/c/o/combo_product_-_reno8_5g_-_black.png"
172, OPPO Reno8 5G 8GB 256GB,13.990.000 đ,256GB,Đen,https://cellphones.com.vn/oppo-reno-8-5g.html,"https://cdn2.cellphones.com.vn/x358,webp,q100/media/catalog/product/c/o/combo_product_-_reno8_5g_-_black.png"
173, OPPO Reno8 T 256GB ,8.490.000 đ,256GB,Vàng,https://cellphones.com.vn/oppo-reno-8t-4g-256gb.html,"https://cdn2.cellphones.com.vn/x358,webp,q100/media/catalog/product/6/3/638106969904674603_oppo-reno8-t-4g-den-5.jpg"
174, OPPO Reno8 T 256GB ,8.490.000 đ,256GB,Đen,https://cellphones.com.vn/oppo-reno-8t-4g-256gb.html,"https://cdn2.cellphones.com.vn/x358,webp,q100/media/catalog/product/6/3/638106969904674603_oppo-reno8-t-4g-den-5.jpg"
175, OPPO Reno8 T 5G (8GB - 128GB) ,9.290.000 đ,128GB,Đen,https://cellphones.com.vn/oppo-reno-8t.html,"https://cdn2.cellphones.com.vn/x358,webp,q100/media/catalog/product/o/p/oppo-reno8t-vang1-thumb-600x600.jpg"
176, OPPO Reno8 T 5G (8GB - 128GB) ,9.290.000 đ,128GB,Vàng,https://cellphones.com.vn/oppo-reno-8t.html,"https://cdn2.cellphones.com.vn/x358,webp,q100/media/catalog/product/o/p/oppo-reno8t-vang1-thumb-600x600.jpg"
177, realme C30s 2GB 32GB ,1.790.000 đ,2GB 32GB,Xanh,https://cellphones.com.vn/realme-c30s.html,"https://cdn2.cellphones.com.vn/x358,webp,q100/media/catalog/product/r/e/realme-c30s-den-glr--009.jpg"
178, realme C30s 2GB 32GB ,1.790.000 đ,2GB 32GB,Đen,https://cellphones.com.vn/realme-c30s.html,"https://cdn2.cellphones.com.vn/x358,webp,q100/media/catalog/product/r/e/realme-c30s-den-glr--009.jpg"
179, realme 8 5G ,6.290.000 đ,128GB,Xanh,https://cellphones.com.vn/realme-8-5g.html,"https://cdn2.cellphones.com.vn/x358,webp,q100/media/catalog/product/r/e/realme-8-5g-blue-1-600x600_1.jpg"
180, realme 8 5G ,6.290.000 đ,128GB,Đen,https://cellphones.com.vn/realme-8-5g.html,"https://cdn2.cellphones.com.vn/x358,webp,q100/media/catalog/product/r/e/realme-8-5g-blue-1-600x600_1.jpg"
181, realme C33 3GB 32GB ,2.420.000 đ,3GB 32GB,Vàng,https://cellphones.com.vn/realme-c33.html,"https://cdn2.cellphones.com.vn/x358,webp,q100/media/catalog/product/1/s/1sdcsc.jpg"
182, realme C33 3GB 32GB ,2.420.000 đ,3GB 32GB,Đen,https://cellphones.com.vn/realme-c33.html,"https://cdn2.cellphones.com.vn/x358,webp,q100/media/catalog/product/1/s/1sdcsc.jpg"
183, realme C33 3GB 32GB ,2.420.000 đ,3GB 32GB,Xanh,https://cellphones.com.vn/realme-c33.html,"https://cdn2.cellphones.com.vn/x358,webp,q100/media/catalog/product/1/s/1sdcsc.jpg"
184, realme C33 4GB 64GB ,3.090.000 đ,4GB 64GB,Vàng,https://cellphones.com.vn/realme-c33-4gb-64gb.html,"https://cdn2.cellphones.com.vn/x358,webp,q100/media/catalog/product/1/s/1sdcsc_2.jpg"
185, realme C33 4GB 64GB ,3.090.000 đ,4GB 64GB,Xanh,https://cellphones.com.vn/realme-c33-4gb-64gb.html,"https://cdn2.cellphones.com.vn/x358,webp,q100/media/catalog/product/1/s/1sdcsc_2.jpg"
186, realme C33 4GB 64GB ,3.090.000 đ,4GB 64GB,Đen,https://cellphones.com.vn/realme-c33-4gb-64gb.html,"https://cdn2.cellphones.com.vn/x358,webp,q100/media/catalog/product/1/s/1sdcsc_2.jpg"
187, realme 9 Pro ,4.590.000 đ,128GB,Xanh lá,https://cellphones.com.vn/realme-9-pro.html,"https://cdn2.cellphones.com.vn/x358,webp,q100/media/catalog/product/r/e/real_me_pro_002.jpg"
188, realme 9 Pro ,4.590.000 đ,128GB,Xanh dương,https://cellphones.com.vn/realme-9-pro.html,"https://cdn2.cellphones.com.vn/x358,webp,q100/media/catalog/product/r/e/real_me_pro_002.jpg"
189, realme 9 Pro Plus ,5.690.000 đ,128GB,Xanh dương,https://cellphones.com.vn/realme-9-pro-plus.html,"https://cdn2.cellphones.com.vn/x358,webp,q100/media/catalog/product/9/_/9_ro_plus.png"
190, realme 9 Pro Plus ,5.690.000 đ,128GB,Xanh lá,https://cellphones.com.vn/realme-9-pro-plus.html,"https://cdn2.cellphones.com.vn/x358,webp,q100/media/catalog/product/9/_/9_ro_plus.png"
191, realme C30s 3GB 64GB ,2.390.000 đ,3GB 64GB,Xanh,https://cellphones.com.vn/realme-c30s-3gb-64gb.html,"https://cdn2.cellphones.com.vn/x358,webp,q100/media/catalog/product/r/e/realme-c30s-den-glr--009_3_3.jpg"
192, realme C30s 3GB 64GB ,2.390.000 đ,3GB 64GB,Đen,https://cellphones.com.vn/realme-c30s-3gb-64gb.html,"https://cdn2.cellphones.com.vn/x358,webp,q100/media/catalog/product/r/e/realme-c30s-den-glr--009_3_3.jpg"
193, realme C55 6GB 128GB ,4.290.000 đ,6GB 128GB,Đen,https://cellphones.com.vn/realme-c55.html,"https://cdn2.cellphones.com.vn/x358,webp,q100/media/catalog/product/r/g/rgrgrtyt6.jpg"
194, realme C55 6GB 128GB ,4.290.000 đ,6GB 128GB,Vàng,https://cellphones.com.vn/realme-c55.html,"https://cdn2.cellphones.com.vn/x358,webp,q100/media/catalog/product/r/g/rgrgrtyt6.jpg"
195, realme C55 8GB 256GB ,5.190.000 đ,8GB 256GB,Vàng,https://cellphones.com.vn/realme-c55-8gb-256gb.html,"https://cdn2.cellphones.com.vn/x358,webp,q100/media/catalog/product/r/g/rgrgrtyt6_1.jpg"
196, realme C55 8GB 256GB ,5.190.000 đ,8GB 256GB,Đen,https://cellphones.com.vn/realme-c55-8gb-256gb.html,"https://cdn2.cellphones.com.vn/x358,webp,q100/media/catalog/product/r/g/rgrgrtyt6_1.jpg"
197, Nokia C31 3GB 32GB ,2.150.000 đ,3GB 32GB,Xanh dương,https://cellphones.com.vn/nokia-c31.html,"https://cdn2.cellphones.com.vn/x358,webp,q100/media/catalog/product/1/_/1_250.jpg"
198, Nokia C31 3GB 32GB ,2.150.000 đ,3GB 32GB,Xanh lá,https://cellphones.com.vn/nokia-c31.html,"https://cdn2.cellphones.com.vn/x358,webp,q100/media/catalog/product/1/_/1_250.jpg"
199, Nokia C21 Plus 2GB 64GB ,1.790.000 đ,2GB 64GB,Xám,https://cellphones.com.vn/nokia-c21-plus-2gb.html,"https://cdn2.cellphones.com.vn/x358,webp,q100/media/catalog/product/n/o/nokia-c21-plus-600x600.jpg"
200, Nokia C21 Plus 2GB 64GB ,1.790.000 đ,2GB 64GB,Xanh,https://cellphones.com.vn/nokia-c21-plus-2gb.html,"https://cdn2.cellphones.com.vn/x358,webp,q100/media/catalog/product/n/o/nokia-c21-plus-600x600.jpg"
201, Nokia C21 Plus 3GB 32GB ,1.950.000 đ,3GB 32GB,Xám,https://cellphones.com.vn/nokia-c21-plus-32gb.html,"https://cdn2.cellphones.com.vn/x358,webp,q100/media/catalog/product/n/o/nokia-c21-plus-600x600_2.jpg"
202, Nokia C21 Plus 3GB 32GB ,1.950.000 đ,3GB 32GB,Xanh,https://cellphones.com.vn/nokia-c21-plus-32gb.html,"https://cdn2.cellphones.com.vn/x358,webp,q100/media/catalog/product/n/o/nokia-c21-plus-600x600_2.jpg"
203, Nokia C21 Plus 3GB 64GB ,2.150.000 đ,3GB 64GB,Xanh,https://cellphones.com.vn/nokia-c21-plus.html,"https://cdn2.cellphones.com.vn/x358,webp,q100/media/catalog/product/n/o/nokia-c21-plus-600x600_2_1.jpg"
204, Nokia C21 Plus 3GB 64GB ,2.150.000 đ,3GB 64GB,Xám,https://cellphones.com.vn/nokia-c21-plus.html,"https://cdn2.cellphones.com.vn/x358,webp,q100/media/catalog/product/n/o/nokia-c21-plus-600x600_2_1.jpg"
205, Nokia C31 4GB 128GB ,2.450.000 đ,4G 128GB,Xanh lá,https://cellphones.com.vn/nokia-c31-4gb-128gb.html,"https://cdn2.cellphones.com.vn/x358,webp,q100/media/catalog/product/1/_/1_250_1.jpg"
206, Nokia C31 4GB 128GB ,2.450.000 đ,4G 128GB,Xanh dương,https://cellphones.com.vn/nokia-c31-4gb-128gb.html,"https://cdn2.cellphones.com.vn/x358,webp,q100/media/catalog/product/1/_/1_250_1.jpg"
207, Nokia G11 Plus 3GB 32GB ,2.090.000 đ,32GB,Đen,https://cellphones.com.vn/nokia-g11-plus-32gb.html,"https://cdn2.cellphones.com.vn/x358,webp,q100/media/catalog/product/n/o/nokia-g11-plus-blue_2.jpg"
208, Nokia G11 Plus 3GB 32GB ,2.090.000 đ,32GB,Xanh,https://cellphones.com.vn/nokia-g11-plus-32gb.html,"https://cdn2.cellphones.com.vn/x358,webp,q100/media/catalog/product/n/o/nokia-g11-plus-blue_2.jpg"
209, Nokia C20 ,1.600.000 đ,2GB 32GB,Xanh,https://cellphones.com.vn/nokia-c20.html,"https://cdn2.cellphones.com.vn/x358,webp,q100/media/catalog/product/n/o/nokia-c20-2.jpg"
210, Nokia C20 ,1.600.000 đ,2GB 32GB,Vàng,https://cellphones.com.vn/nokia-c20.html,"https://cdn2.cellphones.com.vn/x358,webp,q100/media/catalog/product/n/o/nokia-c20-2.jpg"
211, Oneplus 10T 5G 8GB 128GB ,13.990.000 đ,8GB 128GB,Đen,https://cellphones.com.vn/oneplus-10t-8gb-128gb.html,"https://cdn2.cellphones.com.vn/x358,webp,q100/media/catalog/product/o/n/oneplus10tblack_1.jpg"
212, OnePlus 11 16GB 256GB ,19.690.000 đ,16GB 256GB,Xanh,https://cellphones.com.vn/oneplus-11.html,"https://cdn2.cellphones.com.vn/x358,webp,q100/media/catalog/product/o/n/oneplus_11_-_black_-_rgb.jpg"
213, Oneplus 10T 5G 16GB 256GB ,15.990.000 đ,16GB 256GB,Xanh,https://cellphones.com.vn/oneplus-10t.html,"https://cdn2.cellphones.com.vn/x358,webp,q100/media/catalog/product/o/n/oneplus10t.jpg"
214, ASUS ROG Phone 6 12GB 256GB ,16.990.000 đ,12GB 256GB,Đen,https://cellphones.com.vn/asus-rog-phone-6-12gb-256gb.html,"https://cdn2.cellphones.com.vn/x358,webp,q100/media/catalog/product/b/g/bgf.png"
215, ASUS ROG Phone 6 12GB 256GB ,16.990.000 đ,12GB 256GB,Trắng,https://cellphones.com.vn/asus-rog-phone-6-12gb-256gb.html,"https://cdn2.cellphones.com.vn/x358,webp,q100/media/catalog/product/b/g/bgf.png"
216, ASUS ROG Phone 6 Batman 12GB 256GB ,18.790.000 đ,256GB,Xám,https://cellphones.com.vn/asus-rog-phone-6-batman-12gb-256gb.html,"https://cdn2.cellphones.com.vn/x358,webp,q100/media/catalog/product/d/v/dvfdgty.jpg"
217, ASUS ROG Phone 7 16GB 512GB ,24.990.000 đ,512GB,Trắng,https://cellphones.com.vn/asus-rog-phone-7.html,"https://cdn2.cellphones.com.vn/x358,webp,q100/media/catalog/product/1/_/1_366.jpg"
218, ASUS ROG Phone 7 16GB 512GB ,24.990.000 đ,512GB,Đen,https://cellphones.com.vn/asus-rog-phone-7.html,"https://cdn2.cellphones.com.vn/x358,webp,q100/media/catalog/product/1/_/1_366.jpg"
219, Vivo X80 Pro ,17.990.000 đ,256GB,Đen,https://cellphones.com.vn/vivo-x80-pro.html,"https://cdn2.cellphones.com.vn/x358,webp,q100/media/catalog/product/g/a/gallery-pc-img1_2.jpg"
220, ASUS ROG Phone 7 Ultimate 16GB 512GB - Chỉ có tại CellphoneS ,29.990.000 đ,512GB,Trắng,https://cellphones.com.vn/rog-phone-7-ultimate.html,"https://cdn2.cellphones.com.vn/x358,webp,q100/media/catalog/product/1/_/1_365.jpg"
221, vivo Y02s 3G 32GB ,2.890.000 đ,32GB,Đen,https://cellphones.com.vn/vivo-y02s.html,"https://cdn2.cellphones.com.vn/x358,webp,q100/media/catalog/product/v/i/vivo-y02s-thumb-1-2-600x600.jpg"
222, vivo Y02s 3G 32GB ,2.890.000 đ,32GB,Xanh,https://cellphones.com.vn/vivo-y02s.html,"https://cdn2.cellphones.com.vn/x358,webp,q100/media/catalog/product/v/i/vivo-y02s-thumb-1-2-600x600.jpg"
223, vivo Y02s 3GB 64GB ,3.290.000 đ,3GB 64GB,Xanh,https://cellphones.com.vn/vivo-y02s-3gb-64gb.html,"https://cdn2.cellphones.com.vn/x358,webp,q100/media/catalog/product/v/i/vivo-y02s-thumb-1-2-600x600_3.jpg"
224, vivo Y02s 3GB 64GB ,3.290.000 đ,3GB 64GB,Đen,https://cellphones.com.vn/vivo-y02s-3gb-64gb.html,"https://cdn2.cellphones.com.vn/x358,webp,q100/media/catalog/product/v/i/vivo-y02s-thumb-1-2-600x600_3.jpg"
225, ASUS ROG Phone 6 16GB 512GB - Chỉ có tại CellphoneS ,18.990.000 đ,16GB 512GB,Đen,https://cellphones.com.vn/asus-rog-phone-6.html,"https://cdn2.cellphones.com.vn/x358,webp,q100/media/catalog/product/a/s/asus-rog-phone-6-12gb-256gb_2.png"
226, ASUS ROG Phone 6 16GB 512GB - Chỉ có tại CellphoneS ,18.990.000 đ,16GB 512GB,Trắng,https://cellphones.com.vn/asus-rog-phone-6.html,"https://cdn2.cellphones.com.vn/x358,webp,q100/media/catalog/product/a/s/asus-rog-phone-6-12gb-256gb_2.png"
227, vivo Y22S 4GB 128GB ,4.390.000 đ,4G 128GB,Xanh Đen,https://cellphones.com.vn/vivo-y22s-4g-128gb.html,"https://cdn2.cellphones.com.vn/x358,webp,q100/media/catalog/product/5/4/542434226_3.jpeg"
228, vivo Y22S 4GB 128GB ,4.390.000 đ,4G 128GB,Xanh vàng,https://cellphones.com.vn/vivo-y22s-4g-128gb.html,"https://cdn2.cellphones.com.vn/x358,webp,q100/media/catalog/product/5/4/542434226_3.jpeg"
229, vivo Y22S 8GB 128GB ,5.290.000 đ,8GB 128GB,Xanh vàng,https://cellphones.com.vn/vivo-y22s.html,"https://cdn2.cellphones.com.vn/x358,webp,q100/media/catalog/product/2/f/2fd21c69b0cae924821762ec8270b62e.png"
230, vivo Y22S 8GB 128GB ,5.290.000 đ,8GB 128GB,Xanh Đen,https://cellphones.com.vn/vivo-y22s.html,"https://cdn2.cellphones.com.vn/x358,webp,q100/media/catalog/product/2/f/2fd21c69b0cae924821762ec8270b62e.png"
231, vivo T1X ,3.690.000 đ,4GB 64GB,Đen,https://cellphones.com.vn/vivo-t1x.html,"https://cdn2.cellphones.com.vn/x358,webp,q100/media/catalog/product/t/1/t1x_01.png"
232, vivo T1X ,3.690.000 đ,4GB 64GB,Xanh,https://cellphones.com.vn/vivo-t1x.html,"https://cdn2.cellphones.com.vn/x358,webp,q100/media/catalog/product/t/1/t1x_01.png"
233, vivo V25e 8GB 128GB ,7.790.000 đ,2 SIM (Nano-SIM),Đen,https://cellphones.com.vn/vivo-v25e.html,"https://cdn2.cellphones.com.vn/x358,webp,q100/media/catalog/product/v/i/vivov25e.png"
234, vivo V25e 8GB 128GB ,7.790.000 đ,2 SIM (Nano-SIM),Vàng,https://cellphones.com.vn/vivo-v25e.html,"https://cdn2.cellphones.com.vn/x358,webp,q100/media/catalog/product/v/i/vivov25e.png"
235, vivo V25 5G 8GB 128GB ,9.790.000 đ,2 SIM (Nano-SIM),Đen,https://cellphones.com.vn/vivo-v25.html,"https://cdn2.cellphones.com.vn/x358,webp,q100/media/catalog/product/v/i/vivo_v25_5g_8gb_128gb-removebg-preview_1.png"
236, vivo V25 5G 8GB 128GB ,9.790.000 đ,2 SIM (Nano-SIM),Vàng,https://cellphones.com.vn/vivo-v25.html,"https://cdn2.cellphones.com.vn/x358,webp,q100/media/catalog/product/v/i/vivo_v25_5g_8gb_128gb-removebg-preview_1.png"
237, vivo V23e ,5.490.000 đ,128GB,Xanh hồng,https://cellphones.com.vn/vivo-v23e.html,"https://cdn2.cellphones.com.vn/x358,webp,q100/media/catalog/product/c/9/c91ba5bf721d5b2d4eae4f821b8e4ced.png"
238, vivo V23e ,5.490.000 đ,128GB,Đen,https://cellphones.com.vn/vivo-v23e.html,"https://cdn2.cellphones.com.vn/x358,webp,q100/media/catalog/product/c/9/c91ba5bf721d5b2d4eae4f821b8e4ced.png"
239, vivo T1X 8GB 128GB ,4.990.000 đ,8GB 128GB,Đen,https://cellphones.com.vn/vivo-t1x-8gb-128gb.html,"https://cdn2.cellphones.com.vn/x358,webp,q100/media/catalog/product/t/1/t1x_01_2.png"
240, vivo T1X 8GB 128GB ,4.990.000 đ,8GB 128GB,Xanh,https://cellphones.com.vn/vivo-t1x-8gb-128gb.html,"https://cdn2.cellphones.com.vn/x358,webp,q100/media/catalog/product/t/1/t1x_01_2.png"
241, Nubia Red Magic 7 Pusar 16GB 256GB ,18.990.000 đ,256GB,Tím/Xanh dương,https://cellphones.com.vn/nubia-red-magic-7-16gb-256gb.html,"https://cdn2.cellphones.com.vn/x358,webp,q100/media/catalog/product/r/e/red-magic-7-1_7hxhmi7_1.jpg"
242, Tecno Spark 10 Pro 8GB 128GB ,3.650.000 đ,8GB 128GB,Đen,https://cellphones.com.vn/tecno-spark-10-pro.html,"https://cdn2.cellphones.com.vn/x358,webp,q100/media/catalog/product/0/9/0989_4_.jpg"
243, Tecno Spark 10 Pro 8GB 128GB ,3.650.000 đ,8GB 128GB,Trắng,https://cellphones.com.vn/tecno-spark-10-pro.html,"https://cdn2.cellphones.com.vn/x358,webp,q100/media/catalog/product/0/9/0989_4_.jpg"
244, Tecno Camon 20 ,4.400.000 đ,256GB,Xanh dương,https://cellphones.com.vn/tecno-camon-20.html,"https://cdn2.cellphones.com.vn/x358,webp,q100/media/catalog/product/t/e/tecno-camon-20-1.png"
245, Tecno Camon 20 ,4.400.000 đ,256GB,Đen,https://cellphones.com.vn/tecno-camon-20.html,"https://cdn2.cellphones.com.vn/x358,webp,q100/media/catalog/product/t/e/tecno-camon-20-1.png"
246, Tecno Camon 20 ,4.400.000 đ,256GB,Trắng,https://cellphones.com.vn/tecno-camon-20.html,"https://cdn2.cellphones.com.vn/x358,webp,q100/media/catalog/product/t/e/tecno-camon-20-1.png"
247, Tecno Camon 20 Pro ,4.850.000 đ,256GB,Đen,https://cellphones.com.vn/tecno-camon-20-pro.html,"https://cdn2.cellphones.com.vn/x358,webp,q100/media/catalog/product/t/e/tecno-camon-20-1_2.png"
248, Tecno Camon 20 Pro ,4.850.000 đ,256GB,Xanh dương,https://cellphones.com.vn/tecno-camon-20-pro.html,"https://cdn2.cellphones.com.vn/x358,webp,q100/media/catalog/product/t/e/tecno-camon-20-1_2.png"
249, Tecno Spark 10 Pro 8GB 256GB ,4.090.000 đ,8GB 256GB,Trắng,https://cellphones.com.vn/tecno-spark-10-pro-8gb-256gb.html,"https://cdn2.cellphones.com.vn/x358,webp,q100/media/catalog/product/0/9/0989_4__1.jpg"
250, Tecno Spark 10 Pro 8GB 256GB ,4.090.000 đ,8GB 256GB,Đen,https://cellphones.com.vn/tecno-spark-10-pro-8gb-256gb.html,"https://cdn2.cellphones.com.vn/x358,webp,q100/media/catalog/product/0/9/0989_4__1.jpg"
251, Tecno Pova 4 Pro 8GB 256GB ,5.290.000 đ,8GB 256GB,Cam,https://cellphones.com.vn/tecno-pova-4-pro-8gb-256gb.html,"https://cdn2.cellphones.com.vn/x358,webp,q100/media/catalog/product/0/9/0989.jpg"
252, Tecno Pova 4 Pro 8GB 256GB ,5.290.000 đ,8GB 256GB,Xanh,https://cellphones.com.vn/tecno-pova-4-pro-8gb-256gb.html,"https://cdn2.cellphones.com.vn/x358,webp,q100/media/catalog/product/0/9/0989.jpg"
253, iPhone 14 Pro 128GB | Chính hãng VN/A ,24.750.000 đ,128GB,Đen,https://cellphones.com.vn/iphone-14-pro.html,"https://cdn2.cellphones.com.vn/x358,webp,q100/media/catalog/product/t/_/t_m_12.png"
254, iPhone 14 Pro 128GB | Chính hãng VN/A ,24.750.000 đ,128GB,Vàng,https://cellphones.com.vn/iphone-14-pro.html,"https://cdn2.cellphones.com.vn/x358,webp,q100/media/catalog/product/t/_/t_m_12.png"
255, iPhone 14 Pro 128GB | Chính hãng VN/A ,24.750.000 đ,128GB,Bạc,https://cellphones.com.vn/iphone-14-pro.html,"https://cdn2.cellphones.com.vn/x358,webp,q100/media/catalog/product/t/_/t_m_12.png"
256, iPhone 14 Pro 128GB | Chính hãng VN/A ,24.750.000 đ,128GB,Tím,https://cellphones.com.vn/iphone-14-pro.html,"https://cdn2.cellphones.com.vn/x358,webp,q100/media/catalog/product/t/_/t_m_12.png"
257, iPhone 14 Pro 256GB | Chính hãng VN/A ,27.690.000 đ,256GB,Tím,https://cellphones.com.vn/iphone-14-pro-256gb.html,"https://cdn2.cellphones.com.vn/x358,webp,q100/media/catalog/product/t/_/t_m_13.png"
258, iPhone 14 Pro 256GB | Chính hãng VN/A ,27.690.000 đ,256GB,Đen,https://cellphones.com.vn/iphone-14-pro-256gb.html,"https://cdn2.cellphones.com.vn/x358,webp,q100/media/catalog/product/t/_/t_m_13.png"
259, iPhone 14 Pro 256GB | Chính hãng VN/A ,27.690.000 đ,256GB,Bạc,https://cellphones.com.vn/iphone-14-pro-256gb.html,"https://cdn2.cellphones.com.vn/x358,webp,q100/media/catalog/product/t/_/t_m_13.png"
260, iPhone 14 Pro 256GB | Chính hãng VN/A ,27.690.000 đ,256GB,Vàng,https://cellphones.com.vn/iphone-14-pro-256gb.html,"https://cdn2.cellphones.com.vn/x358,webp,q100/media/catalog/product/t/_/t_m_13.png"
261, iPhone 12 64GB | Chính hãng VN/A,14.690.000 đ,4G 64GB,Đỏ,https://cellphones.com.vn/iphone-12.html,"https://cdn2.cellphones.com.vn/x358,webp,q100/media/catalog/product/1/_/1_252.jpg"
262, iPhone 12 64GB | Chính hãng VN/A,14.690.000 đ,4G 64GB,Tím,https://cellphones.com.vn/iphone-12.html,"https://cdn2.cellphones.com.vn/x358,webp,q100/media/catalog/product/1/_/1_252.jpg"
263, iPhone 12 64GB | Chính hãng VN/A,14.690.000 đ,4G 64GB,Xanh lá,https://cellphones.com.vn/iphone-12.html,"https://cdn2.cellphones.com.vn/x358,webp,q100/media/catalog/product/1/_/1_252.jpg"
264, iPhone 12 64GB | Chính hãng VN/A,14.690.000 đ,4G 64GB,Xanh dương,https://cellphones.com.vn/iphone-12.html,"https://cdn2.cellphones.com.vn/x358,webp,q100/media/catalog/product/1/_/1_252.jpg"
265, iPhone 12 64GB | Chính hãng VN/A,14.690.000 đ,4G 64GB,Đen,https://cellphones.com.vn/iphone-12.html,"https://cdn2.cellphones.com.vn/x358,webp,q100/media/catalog/product/1/_/1_252.jpg"
266, iPhone 12 64GB | Chính hãng VN/A,14.690.000 đ,4G 64GB,Trắng,https://cellphones.com.vn/iphone-12.html,"https://cdn2.cellphones.com.vn/x358,webp,q100/media/catalog/product/1/_/1_252.jpg"
267, iPhone 13 Pro Max 256GB | Chính hãng VN/A ,26.590.000 đ,256GB,Bạc,https://cellphones.com.vn/iphone-13-pro-max-256gb.html,"https://cdn2.cellphones.com.vn/x358,webp,q100/media/catalog/product/1/_/1_66_6_2_1_12.jpg"
268, iPhone 13 Pro Max 256GB | Chính hãng VN/A ,26.590.000 đ,256GB,Xám,https://cellphones.com.vn/iphone-13-pro-max-256gb.html,"https://cdn2.cellphones.com.vn/x358,webp,q100/media/catalog/product/1/_/1_66_6_2_1_12.jpg"
269, iPhone 13 Pro Max 256GB | Chính hãng VN/A ,26.590.000 đ,256GB,Xanh dương,https://cellphones.com.vn/iphone-13-pro-max-256gb.html,"https://cdn2.cellphones.com.vn/x358,webp,q100/media/catalog/product/1/_/1_66_6_2_1_12.jpg"
270, iPhone 13 Pro Max 256GB | Chính hãng VN/A ,26.590.000 đ,256GB,Vàng,https://cellphones.com.vn/iphone-13-pro-max-256gb.html,"https://cdn2.cellphones.com.vn/x358,webp,q100/media/catalog/product/1/_/1_66_6_2_1_12.jpg"
271, iPhone 13 Pro Max 256GB | Chính hãng VN/A ,26.590.000 đ,256GB,Xanh lá,https://cellphones.com.vn/iphone-13-pro-max-256gb.html,"https://cdn2.cellphones.com.vn/x358,webp,q100/media/catalog/product/1/_/1_66_6_2_1_12.jpg"
272, iPhone 11 64GB | Chính hãng VN/A,10.390.000 đ,4GB 64GB,Trắng,https://cellphones.com.vn/iphone-11.html,"https://cdn2.cellphones.com.vn/x358,webp,q100/media/catalog/product/3/_/3_225.jpg"
273, iPhone 11 64GB | Chính hãng VN/A,10.390.000 đ,4GB 64GB,Đen,https://cellphones.com.vn/iphone-11.html,"https://cdn2.cellphones.com.vn/x358,webp,q100/media/catalog/product/3/_/3_225.jpg"
274, iPhone 14 128GB| Chính hãng VN/A ,19.190.000 đ,128GB,Đỏ,https://cellphones.com.vn/iphone-14.html,"https://cdn2.cellphones.com.vn/x358,webp,q100/media/catalog/product/i/p/iphone-14-storage-select-202209-6-1inch-y889.jpg"
275, iPhone 14 128GB| Chính hãng VN/A ,19.190.000 đ,128GB,Trắng,https://cellphones.com.vn/iphone-14.html,"https://cdn2.cellphones.com.vn/x358,webp,q100/media/catalog/product/i/p/iphone-14-storage-select-202209-6-1inch-y889.jpg"
276, iPhone 14 128GB| Chính hãng VN/A ,19.190.000 đ,128GB,Tím,https://cellphones.com.vn/iphone-14.html,"https://cdn2.cellphones.com.vn/x358,webp,q100/media/catalog/product/i/p/iphone-14-storage-select-202209-6-1inch-y889.jpg"
277, iPhone 14 128GB| Chính hãng VN/A ,19.190.000 đ,128GB,Đen,https://cellphones.com.vn/iphone-14.html,"https://cdn2.cellphones.com.vn/x358,webp,q100/media/catalog/product/i/p/iphone-14-storage-select-202209-6-1inch-y889.jpg"
278, iPhone 14 128GB| Chính hãng VN/A ,19.190.000 đ,128GB,Vàng,https://cellphones.com.vn/iphone-14.html,"https://cdn2.cellphones.com.vn/x358,webp,q100/media/catalog/product/i/p/iphone-14-storage-select-202209-6-1inch-y889.jpg"
279, iPhone 14 128GB| Chính hãng VN/A ,19.190.000 đ,128GB,Xanh,https://cellphones.com.vn/iphone-14.html,"https://cdn2.cellphones.com.vn/x358,webp,q100/media/catalog/product/i/p/iphone-14-storage-select-202209-6-1inch-y889.jpg"
280, iPhone 13 Pro Max 128GB | Chính hãng VN/A ,24.990.000 đ,128GB,Bạc,https://cellphones.com.vn/iphone-13-pro-max.html,"https://cdn2.cellphones.com.vn/x358,webp,q100/media/catalog/product/3/_/3_51_1_7.jpg"
281, iPhone 13 Pro Max 128GB | Chính hãng VN/A ,24.990.000 đ,128GB,Vàng,https://cellphones.com.vn/iphone-13-pro-max.html,"https://cdn2.cellphones.com.vn/x358,webp,q100/media/catalog/product/3/_/3_51_1_7.jpg"
282, iPhone 13 Pro Max 128GB | Chính hãng VN/A ,24.990.000 đ,128GB,Xanh lá,https://cellphones.com.vn/iphone-13-pro-max.html,"https://cdn2.cellphones.com.vn/x358,webp,q100/media/catalog/product/3/_/3_51_1_7.jpg"
283, iPhone 13 Pro Max 128GB | Chính hãng VN/A ,24.990.000 đ,128GB,Xám,https://cellphones.com.vn/iphone-13-pro-max.html,"https://cdn2.cellphones.com.vn/x358,webp,q100/media/catalog/product/3/_/3_51_1_7.jpg"
284, iPhone 13 Pro Max 128GB | Chính hãng VN/A ,24.990.000 đ,128GB,Xanh dương,https://cellphones.com.vn/iphone-13-pro-max.html,"https://cdn2.cellphones.com.vn/x358,webp,q100/media/catalog/product/3/_/3_51_1_7.jpg"
285, iPhone 13 128GB | Chính hãng VN/A ,16.890.000 đ,128GB,Đỏ,https://cellphones.com.vn/iphone-13.html,"https://cdn2.cellphones.com.vn/x358,webp,q100/media/catalog/product/1/4/14_1_9_2_9.jpg"
286, iPhone 13 128GB | Chính hãng VN/A ,16.890.000 đ,128GB,Đen,https://cellphones.com.vn/iphone-13.html,"https://cdn2.cellphones.com.vn/x358,webp,q100/media/catalog/product/1/4/14_1_9_2_9.jpg"
287, iPhone 13 128GB | Chính hãng VN/A ,16.890.000 đ,128GB,Trắng,https://cellphones.com.vn/iphone-13.html,"https://cdn2.cellphones.com.vn/x358,webp,q100/media/catalog/product/1/4/14_1_9_2_9.jpg"
288, iPhone 13 128GB | Chính hãng VN/A ,16.890.000 đ,128GB,Xanh lá,https://cellphones.com.vn/iphone-13.html,"https://cdn2.cellphones.com.vn/x358,webp,q100/media/catalog/product/1/4/14_1_9_2_9.jpg"
289, iPhone 13 128GB | Chính hãng VN/A ,16.890.000 đ,128GB,Hồng,https://cellphones.com.vn/iphone-13.html,"https://cdn2.cellphones.com.vn/x358,webp,q100/media/catalog/product/1/4/14_1_9_2_9.jpg"
290, iPhone 13 128GB | Chính hãng VN/A ,16.890.000 đ,128GB,Xanh dương,https://cellphones.com.vn/iphone-13.html,"https://cdn2.cellphones.com.vn/x358,webp,q100/media/catalog/product/1/4/14_1_9_2_9.jpg"
291, iPhone 11 128GB | Chính hãng VN/A,12.190.000 đ,4GB 128GB,Vàng,https://cellphones.com.vn/iphone-11-128gb.html,"https://cdn2.cellphones.com.vn/x358,webp,q100/media/catalog/product/4/_/4_187_1.jpg"
292, iPhone 11 128GB | Chính hãng VN/A,12.190.000 đ,4GB 128GB,Tím,https://cellphones.com.vn/iphone-11-128gb.html,"https://cdn2.cellphones.com.vn/x358,webp,q100/media/catalog/product/4/_/4_187_1.jpg"
293, iPhone 11 128GB | Chính hãng VN/A,12.190.000 đ,4GB 128GB,Xanh lá,https://cellphones.com.vn/iphone-11-128gb.html,"https://cdn2.cellphones.com.vn/x358,webp,q100/media/catalog/product/4/_/4_187_1.jpg"
294, iPhone 11 128GB | Chính hãng VN/A,12.190.000 đ,4GB 128GB,Đỏ,https://cellphones.com.vn/iphone-11-128gb.html,"https://cdn2.cellphones.com.vn/x358,webp,q100/media/catalog/product/4/_/4_187_1.jpg"
295, iPhone 11 128GB | Chính hãng VN/A,12.190.000 đ,4GB 128GB,Đen,https://cellphones.com.vn/iphone-11-128gb.html,"https://cdn2.cellphones.com.vn/x358,webp,q100/media/catalog/product/4/_/4_187_1.jpg"
296, iPhone 11 128GB | Chính hãng VN/A,12.190.000 đ,4GB 128GB,Trắng,https://cellphones.com.vn/iphone-11-128gb.html,"https://cdn2.cellphones.com.vn/x358,webp,q100/media/catalog/product/4/_/4_187_1.jpg"
297, iPhone 12 128GB | Chính hãng VN/A,15.690.000 đ,4GB 128GB,Đỏ,https://cellphones.com.vn/iphone-12-128gb.html,"https://cdn2.cellphones.com.vn/x358,webp,q100/media/catalog/product/2/_/2_241_2.jpg"
298, iPhone 12 128GB | Chính hãng VN/A,15.690.000 đ,4GB 128GB,Xanh,https://cellphones.com.vn/iphone-12-128gb.html,"https://cdn2.cellphones.com.vn/x358,webp,q100/media/catalog/product/2/_/2_241_2.jpg"
299, iPhone 12 128GB | Chính hãng VN/A,15.690.000 đ,4GB 128GB,Xanh dương,https://cellphones.com.vn/iphone-12-128gb.html,"https://cdn2.cellphones.com.vn/x358,webp,q100/media/catalog/product/2/_/2_241_2.jpg"
300, iPhone 12 128GB | Chính hãng VN/A,15.690.000 đ,4GB 128GB,Trắng,https://cellphones.com.vn/iphone-12-128gb.html,"https://cdn2.cellphones.com.vn/x358,webp,q100/media/catalog/product/2/_/2_241_2.jpg"
301, iPhone 12 128GB | Chính hãng VN/A,15.690.000 đ,4GB 128GB,Tím,https://cellphones.com.vn/iphone-12-128gb.html,"https://cdn2.cellphones.com.vn/x358,webp,q100/media/catalog/product/2/_/2_241_2.jpg"
302, iPhone 12 128GB | Chính hãng VN/A,15.690.000 đ,4GB 128GB,Đen,https://cellphones.com.vn/iphone-12-128gb.html,"https://cdn2.cellphones.com.vn/x358,webp,q100/media/catalog/product/2/_/2_241_2.jpg"
