product_name,product_memory,product_color,product_price,product_url,img_url
Điện thoại ASUS ROG Phone 7 16GB/512GB (Snapdragon 8 plus Gen2),- Bộ nhớ: 512GB,Màu sắc: Phantom Black,24.990.000,https://phongvu.vn/dien-thoai-asus-rog-phone-7-16gb-512gb-snapdragon-8-gen2--p513221,https://lh3.googleusercontent.com/4Xc3fZhZ9Zgm8RNvVDNJBGN6Y4jL3mpJWnkKTwV9Cj7HHW4WShNTjTeabkzGDwQNcJmy_fOnlWfpzTLQEu9qd6a2FRbUwzTNFw=w500-rw
Điện thoại ASUS ROG Phone 7 Ultimate 16GB/512GB (AI2205-5D034WW) (Snapdragon 8+ Gen2) (Storm White),- Bộ nhớ: 512GB,Màu sắc: Storm White,29.990.000,https://phongvu.vn/dien-thoai-asus-rog-phone-7-ultimate-16gb-512gb-ai2205-5d034ww-snapdragon-8-gen2-storm-white--s230500081,https://lh3.googleusercontent.com/rg9pP0uVTseTfV70QPZeLjrmEv6Ygo_5G7ZH7j-kSIrkaKIohxK6uhIM5DN2nEZ54lcCrC2NLpxtOg7SpfPX_UbsPMCAmCU=w500-rw
"Điện thoại di động Vivo V2204- Y16 (4+128GB) (Đen) (128GB, Black)",- Bộ nhớ: 128GB,Màu sắc: Black,4.150.000,https://phongvu.vn/dien-thoai-di-dong-vivo-v2204-y16-4-128gb-den-128gb-black--s230203712,https://lh3.googleusercontent.com/D3c6xeUE2G2zZMs2lE7YtKBEEr4laxwgCeMCdUSpVcL7kW-uh1Sxlzbe_vDk8Uxkdi3MtIgNb21SCbwNPaf2P8qT-Miqd-uD=w500-rw
Điện thoại Samsung Galaxy A14 5G 4GB/128GB,- Bộ nhớ: 128GB,Màu sắc: Black,4.890.000,https://phongvu.vn/samsung-galaxy-a14-5g-128g--p471199,https://lh3.googleusercontent.com/O60Z3funnLBpLuM6JGMcaQyTKh179nbb4tvalAdVSQOyMvKu2AcTxrCNWaimRJlIXfGh0DrgjyzP1TiCwtHp7rYRv9dQSye8iQ=w500-rw
Điện thoại Samsung Galaxy A04s 4GB/64GB,- Bộ nhớ: 64GB,Màu sắc: Green,3.190.000,https://phongvu.vn/samsung-galaxy-a04s-4gb-64gb--p468120,https://lh3.googleusercontent.com/RpVbhQ50NskSwRSxtHRK8uOZOMnQz2fmXseXUw4pqNGGrpisiouk3peRzANnz_WOHi5Vryv5jpFtYA-uJh5rpdcT66OmVIP_=w500-rw
Điện thoại Samsung Galaxy S21 FE 5G 8GB/128GB,- Bộ nhớ: 128GB,Màu sắc: Olive,11.790.000,https://phongvu.vn/samsung-galaxy-s21-fe-5g-8gb-128gb--p466801,https://lh3.googleusercontent.com/pUweUhbxNV7vV8CKDbFULAOp3RfiaOJBMlSedc75IPJ7XegFrak80Nm7j7I84XeWaKWrLhYv_nfARuCm56TCGW-vBmooOsjqMw=w500-rw
Điện thoại Samsung Galaxy A23 5G 4GB/128GB,- Bộ nhớ: 128GB,Màu sắc: Black,6.190.000,https://phongvu.vn/samsung-galaxy-a23-4gb-128gb--p467180,https://lh3.googleusercontent.com/JESNL14Gq9Typp1IP3SmuzHddjRsl_ETPpk5Y6XOS8lMvlLpYhsQPHIq3CTihmK10-p8KI0AWT8U4OuhRkK6ZSYGB4Aobn0=w500-rw
Điện thoại Samsung Galaxy A73 5G 8GB/128GB,- Bộ nhớ: 128GB,Màu sắc: Mint,8.490.000,https://phongvu.vn/samsung-galaxy-a73-5g-8gb-128gb--p466798,https://lh3.googleusercontent.com/iN6P9Hv1P7ST8cckH0P1STqtOHAKWGz0Z4fV_AXbNDpeKyBPmmynyuqtbxPDq3pb5t9IcV1LyfXapZoJA9odfUvC_RZcWe6B=w500-rw
Điện thoại Samsung Galaxy A33 5G 6GB/128GB,- Bộ nhớ: 128GB,Màu sắc: Peach,6.990.000,https://phongvu.vn/samsung-galaxy-a33-5g-6gb-128gb--p466797,https://lh3.googleusercontent.com/czcFdKu_mk2DT3SZDh8CjEFEXlfg3T5T-ZPesRZN58oeTbBmQ1gmBCfP4M0yIFqdq1t07K96y5Nw6F1C6zIZ8FJhprSvASoZ=w500-rw
Điện thoại Samsung Galaxy A73 5G 8GB/128GB,- Bộ nhớ: 128GB,Màu sắc: Gray,11.690.000,https://phongvu.vn/samsung-galaxy-a73-5g-8gb-128gb--p466798,https://lh3.googleusercontent.com/OEp9wG3DV-yHLldL3MpykJ7HhmO-1js-IB49ba-8u2-XGfRbBmDs9xuCZakdxpEWRUUVR-qievzKk5eVFdM7ttvg8Sm6X_uS=w500-rw
iPhone 14 Pro | Chính Hãng VNA,- Bộ nhớ: 128GB,Màu sắc: Space Black,24.990.000,https://phongvu.vn/iphone-14-pro--p459616,https://lh3.googleusercontent.com/ilPFqawQUmSYOAhP0zySjvrf4yqcIuv9ePIShwrpwcME04mY7MJuO2D8CdaDAeM6cruf_fMk14Y3gV8mdtkNhS7uzcSnKjgm=w500-rw
iPhone 14 Pro | Chính Hãng VNA,- Bộ nhớ: 128GB,Màu sắc: Silver,25.290.000,https://phongvu.vn/iphone-14-pro--p459616,https://lh3.googleusercontent.com/VYAQpQJgced0a1xBWbr5mbFQiBzevgIo-V_SKVXIDV0et24IVNllS-qKZN1hkMHAYajG9Rawp1nYgCS6QlRqbkWb9eM2kMg=w500-rw
Điện thoại Samsung Galaxy A23 4GB/128GB,- Bộ nhớ: 128GB,Màu sắc: Blue,5.390.000,https://phongvu.vn/samsung-galaxy-a23--p420347,https://lh3.googleusercontent.com/ruSSokgIpPP6zyrJf3s0YR-bwhTz3-F0BxVXKCOX0o5KNcbOkob2zo0T2HxnyNFTxjr8tAKdrAfGS1EQuCHesFP0hvNiiydJ=w500-rw
Điện thoại Samsung Galaxy A13 4GB/128GB,- Bộ nhớ: 128GB,Màu sắc: Black,3.990.000,https://phongvu.vn/samsung-galaxy-a13--p420345,https://lh3.googleusercontent.com/reIEo1BEnG01zrYRDMhb77U50S79xlT2_LYBHzXDbLyONWXupw-7st3sA4PKpqR32u92SWbFwR-hiS16c32dS7jPLLCAq7up=w500-rw
TP-Link Neffos N150,Độ phân giải điện thoại QVGA(240*320) 167PPI,Màu sắc: Black,600.000,https://phongvu.vn/tp-link-neffos-n150--p420144,https://lh3.googleusercontent.com/dlTrlFzWV6fJUlpODuSPoDSGPUFOC3kWKrqgUzUP9Z32LVSrr4_PE-U7jvQDxNt-cW1OL-_mytic4Y-__kUvltAdkKCXxrjDpw=w500-rw
TP-Link Neffos N105,"Loại màn hình điện thoại 1.77""",Màu sắc: Black,800.000,https://phongvu.vn/tp-link-neffos-n105--p420143,https://lh3.googleusercontent.com/RA-GDi1ZPHvBtvt-lYyurWhSfzDg6nNGGjWUXcG84bLqI2onLEfVXAdCMUOwZ8dz0TSmOtYD3heacNYYXDxRRX-7Q6XaROA=w500-rw
Điện thoại Samsung Galaxy A53 5G 8GB/128GB,- Bộ nhớ: 128GB,Màu sắc: Blue,9.590.000,https://phongvu.vn/samsung-galaxy-a53-5g--p418925,https://lh3.googleusercontent.com/Oea3qRYweE0VKShlm36L8jP9yo6-pm8OzGrchG-zLLr1LvKWG_YMXiuITT1iazkaCv-cRJiKmqiJiNwbc8d1Pk_GVSC-EOU=w500-rw
iPhone 14 Pro | Chính Hãng VNA,- Bộ nhớ: 256GB,Màu sắc: Silver,27.990.000,https://phongvu.vn/iphone-14-pro--p459616,https://lh3.googleusercontent.com/gN_X8XpefBnKcvH_r0tXrAI5QSXELUJJ04bAkXOUr97YJVtFpN89xiTmBPWNnEzsVowGcgn0JlyFKpZGjBW-5KLBC0wtAYfR=w500-rw
iPhone 14 Pro | Chính Hãng VNA,- Bộ nhớ: 512GB,Màu sắc: Silver,33.190.000,https://phongvu.vn/iphone-14-pro--p459616,https://lh3.googleusercontent.com/pBmUZGr43UoeyzufNTfsuQAdNo8c030UPN5_9pPfNYsoTeBMOIXr7AP0eGumD3tYVqkTWbZ5AGPwJ1-lwlMTZEh7QOB78Gs=w500-rw
iPhone 14 Pro | Chính Hãng VNA,- Bộ nhớ: 1TB,Màu sắc: Silver,34.990.000,https://phongvu.vn/iphone-14-pro--p459616,https://lh3.googleusercontent.com/q4NiTRLKB_bzDA2Z8L01pcjEzRZrEfkg7-zB7CypzV9LXSBK8bD1GdXdu9UWwI-hNzK8ydbnNUaynokebi6y0p5rQreyQ_U=w500-rw
iPhone 14 Pro | Chính Hãng VNA,- Bộ nhớ: 256GB,Màu sắc: Space Black,27.990.000,https://phongvu.vn/iphone-14-pro--p459616,https://lh3.googleusercontent.com/6Qn6m5n10FU-jD0PJug16E9JGjjzG8nZpo9dU9X8UFjEJvlsNlfkYHXnMb0yp8Thn1MSwMWKlUTpRcWZ9GKDBkY7kvXDrzdB=w500-rw
iPhone 14 Pro | Chính Hãng VNA,- Bộ nhớ: 512GB,Màu sắc: Space Black,33.190.000,https://phongvu.vn/iphone-14-pro--p459616,https://lh3.googleusercontent.com/ZaIq6lutgs_GKmAAxMvEhiojQEkQ-VNxjzCZ9TpzmHeWYOXlK4ggdRd0T6tBMn-urxJYAX1j8_xmNrnQssUvibeWU_mDvB0=w500-rw
iPhone 14 Pro | Chính Hãng VNA,- Bộ nhớ: 1TB,Màu sắc: Space Black,34.990.000,https://phongvu.vn/iphone-14-pro--p459616,https://lh3.googleusercontent.com/o9i2YwgHGtVN6QvZM0mExcJfKB2ltI4dsWCqHQtNz3LLAEw_WI4RRtH87K--v4KBRpdYxBKB4OXdpLjThyDPa5cjX5YHQZwM=w500-rw
Điện thoại Samsung Galaxy A53 5G 8GB/128GB,- Bộ nhớ: 128GB,Màu sắc: Black,9.590.000,https://phongvu.vn/samsung-galaxy-a53-5g--p418925,https://lh3.googleusercontent.com/j9E2HaI3VKER5ljmk0KrIZ3p-jkXcwMdp0XXvINoGltqIXEbBl15fQdmeV6i0L5oM4CDNEEW0o-vmWuCEgUa-OoroGBKrmw=w500-rw
iPhone 14 Pro | Chính Hãng VNA,- Bộ nhớ: 128GB,Màu sắc: Deep Purple,25.290.000,https://phongvu.vn/iphone-14-pro--p459616,https://lh3.googleusercontent.com/4uOjL_5NLTkBFnlytW2QiculK200SQuVqBSRjiEWSuuubTQ3mOv4OjKID4Xc-FnjltkEUwlG7IiWShHSS8YXG2yfUHcQoYI=w500-rw
iPhone 14 Pro | Chính Hãng VNA,- Bộ nhớ: 128GB,Màu sắc: Gold,24.990.000,https://phongvu.vn/iphone-14-pro--p459616,https://lh3.googleusercontent.com/HGT0HB4NelZoGniN_EGUbA8D_qCkw0XKgWuxqrX1cyXT7vL87E9fTM0HxbbvijtxWnjr4z5ARIJktOuACyt6R_RbEOe7l7Cf=w500-rw
Điện thoại Samsung Galaxy A23 5G 4GB/128GB,- Bộ nhớ: 128GB,Màu sắc: Blue,6.190.000,https://phongvu.vn/samsung-galaxy-a23-4gb-128gb--p467180,https://lh3.googleusercontent.com/mZuFeUPG9Dv-8s-zk8zCVmJ5Pk1g1NnuHZIZu_Z-_QRzI-yvP2F_lPnwTxlaUcCq3xl5lpf9TbVlG34EH6keCF9xgGVTxM_Q=w500-rw
Điện thoại Samsung Galaxy S21 FE 5G 8GB/128GB,- Bộ nhớ: 128GB,Màu sắc: Lavender,11.790.000,https://phongvu.vn/samsung-galaxy-s21-fe-5g-8gb-128gb--p466801,https://lh3.googleusercontent.com/Wlg6s9925VWh6XQnvPNVUus5c8dfwN8DfwfdnR2ri6UZILUVpEJMgZZFMGPMScrAURHUo7-NszhV3BOiQwNrbDEV0S-G-hsP=w500-rw
Điện thoại Samsung Galaxy S21 FE 5G 8GB/128GB,- Bộ nhớ: 128GB,Màu sắc: Graphite,11.790.000,https://phongvu.vn/samsung-galaxy-s21-fe-5g-8gb-128gb--p466801,https://lh3.googleusercontent.com/3m7MjOhaS-ymgk2_AyFUY6ur3aGgmYS4nKtJcy3eRsl_hULB3jemBGNB-vwBKTg2Gh3wkl4hSrPyDFqnthEKwP5asSdA_L--=w500-rw
Điện thoại Samsung Galaxy S21 FE 5G 8GB/128GB,- Bộ nhớ: 128GB,Màu sắc: White,11.790.000,https://phongvu.vn/samsung-galaxy-s21-fe-5g-8gb-128gb--p466801,https://lh3.googleusercontent.com/CxlkNX2uUgB0Uq4bd5V8rvGnmH3Fo-23MA4WB2jVmCcN5gpF_DaI5C29SaNLLTfqpUzdZCcUZAWzk0BjinT4KvdWtdCu4lyu=w500-rw
Điện thoại Samsung Galaxy A04s 4GB/64GB,- Bộ nhớ: 64GB,Màu sắc: Copper,3.190.000,https://phongvu.vn/samsung-galaxy-a04s-4gb-64gb--p468120,https://lh3.googleusercontent.com/T-bAMy5b4-8qkBJI9gGqwm-T83HOpSUxbqm5vuo3d372f3uDxNwltA2zZZ0Uz5CrFjdqzGUz5VX2wcHYlYsXd971liwfzjO9=w500-rw
Điện thoại Samsung Galaxy A04s 4GB/64GB,- Bộ nhớ: 64GB,Màu sắc: Black,3.190.000,https://phongvu.vn/samsung-galaxy-a04s-4gb-64gb--p468120,https://lh3.googleusercontent.com/M19hPtFT6_utWVNcFc_rGHSgYN7zuVcYdQN-L5XNFPQnj9MSp-qRPGsoZ4bY4QVlfCJZWk7zkdR6oMC7C363iOblRRXeGUs=w500-rw
Điện thoại Samsung Galaxy A14 5G 4GB/128GB,- Bộ nhớ: 128GB,Màu sắc: Burgundy,4.890.000,https://phongvu.vn/samsung-galaxy-a14-5g-128g--p471199,https://lh3.googleusercontent.com/BfDpMYv9piGatTO1BS3b-27VfYgdHppQR_K9yzjPvdhVBnipAt66R4x0N4a2Tqdsup37tdhLnnPK2lq-oTPdvKUxhy59PB36Hg=w500-rw
Điện thoại Samsung Galaxy A14 5G 4GB/128GB,- Bộ nhớ: 128GB,Màu sắc: Aura Silver,4.890.000,https://phongvu.vn/samsung-galaxy-a14-5g-128g--p471199,https://lh3.googleusercontent.com/srXqdmYw519SVeH9QNSI5weuZX_-gN9UuB-LUhsq9VnDhAHDZgKIWDDDdDB_9NLxZB1zjdFfjq4biVjsnn3YgKXiPHoqhak2ow=w500-rw
Điện thoại ASUS ROG Phone 7 16GB/512GB (Snapdragon 8 plus Gen2),- Bộ nhớ: 512GB,Màu sắc: Storm White,24.990.000,https://phongvu.vn/dien-thoai-asus-rog-phone-7-16gb-512gb-snapdragon-8-gen2--p513221,https://lh3.googleusercontent.com/WTxu1vLDE4h7xJNoC0CDc3LvEEFy3RmNHO52tsfqm0MJAFWJVKR1uglHR11K9Ft9Z6_23eNQQsvhyj3d3UBGl08MLUh9qQKc=w500-rw
iPhone 14 Pro | Chính Hãng VNA,- Bộ nhớ: 256GB,Màu sắc: Deep Purple,27.990.000,https://phongvu.vn/iphone-14-pro--p459616,https://lh3.googleusercontent.com/y8NqSLZE4xG_Gs_hxOfvUBdoIEVwiI86yiSFnqTdNggjv6OhwbwdTbJKWnSgBOSTG7Zg2E33O4qPOkyCbhUkKcMPdfBciiKv=w500-rw
iPhone 14 Pro | Chính Hãng VNA,- Bộ nhớ: 512GB,Màu sắc: Deep Purple,33.190.000,https://phongvu.vn/iphone-14-pro--p459616,https://lh3.googleusercontent.com/ZjoFuFxA8LimAUz408pvNwmdYwUv_W02pZEprrVNfKi9g5-uq8qoDfieAeuWcUSSAp7V0AND3r35HztXVQtQnUAxd915F7nn=w500-rw
iPhone 14 Pro | Chính Hãng VNA,- Bộ nhớ: 1TB,Màu sắc: Deep Purple,34.990.000,https://phongvu.vn/iphone-14-pro--p459616,https://lh3.googleusercontent.com/smL7qk0pRmSrpM--knsNW9mS-QrODnxJu1Ik_cYi52ycTMche3rJSwt6sP_CMxLxRHTaNPpwtA_J2TlkBnnHWLcvcb2_Xg8q=w500-rw
iPhone 14 Pro | Chính Hãng VNA,- Bộ nhớ: 256GB,Màu sắc: Gold,27.990.000,https://phongvu.vn/iphone-14-pro--p459616,https://lh3.googleusercontent.com/NIXB7qYz52Lt_TmdBkin6IkCpa84I2f07bX8bOcHw_CKtnNkBM39LlhaZ0VL5aQe1s4W0fLM3yldEXESSerQlcyI8GHIPd7f=w500-rw
iPhone 14 Pro | Chính Hãng VNA,- Bộ nhớ: 512GB,Màu sắc: Gold,33.490.000,https://phongvu.vn/iphone-14-pro--p459616,https://lh3.googleusercontent.com/EVAUdvhhjKQ8-Zgo6DzhGW9tOAZHFNy4jO2qA4WTWUvzaNZVLcD3RcErPceA4G8R8hxAk-GyYn-GLor6iyWv4t5f_Boq1w=w500-rw
iPhone 14 Pro | Chính Hãng VNA,- Bộ nhớ: 1TB,Màu sắc: Gold,34.990.000,https://phongvu.vn/iphone-14-pro--p459616,https://lh3.googleusercontent.com/wVsKhlnQTt9SJzKcoCXV6PerJfRkwT03viSsA2iCSgAH5ClqnqhTEQEnbPT1pxnNquaFz--8Bu_tChhBSHcr7SG6AYc5e-QR=w500-rw
Xiaomi Redmi Note 11 Pro,- Bộ nhớ: 128GB,Màu sắc: Space Gray,6.490.000,https://phongvu.vn/xiaomi-redmi-note-11-pro--p415245,https://lh3.googleusercontent.com/QJSdBJUJpzt_m2DG8xP5UZltEPi_xfIySZLpc6_bfAbDAjXWsElChHhBQ8QIm2efeFBsUmWgNa1gNll4q_eqbmx5oA2Cby3h=w500-rw
Xiaomi Redmi 9C,- Bộ nhớ: 128GB,Màu sắc: Green,3.290.000,https://phongvu.vn/xiaomi-redmi-9c--p412232,https://lh3.googleusercontent.com/16i9VnhPllXNNzjyxfhneMWoaBog0NMNk9MtplvbnISH4u4IzdGGCx__qblm5aoQ8biVjxd5RdYlLdorOaUcked4BNd2caDDgQ=w500-rw
Điện thoại di động Samsung Galaxy S21 Ultra 5G (12+128GB)  SM-G998BZSDXXV (Silver),- Bộ nhớ: 128GB,Màu sắc: Silver,29.000.000,https://phongvu.vn/dien-thoai-di-dong-samsung-galaxy-s21-ultra-5g-12-128gb-sm-g998bzsdxxv-silver--s210103647,https://lh3.googleusercontent.com/0u7SrJvZl4ny-KmM4c_jALU9P4pQCLwRV_HEJzJYhWdleAnpEW_bX7QnA4fNnUfPxUeJwtmgl8CKVfsHTRKE9dvB2sWM7cRU=w500-rw
Điện thoại Samsung Galaxy S22 Ultra 5G 12GB/256GB,- Bộ nhớ: 256GB,Màu sắc: Black,33.990.000,https://phongvu.vn/dien-thoai-di-dong-samsung-galaxy-s22-ultra-5g-12-gb256gb-den-black--s220200760,https://lh3.googleusercontent.com/Nuu7nPun4nt0IyRmoZjl-_xBiKIOXHbNc1oX8-l0fmyXmECP02dW54yMbUEKhmGIu-8zaOnnBhT3JRoh5YRUZBfldmae8OOD=w500-rw
Điện thoại Samsung Galaxy A34 5G 8GB/128GB,- Bộ nhớ: 128GB,Màu sắc: Silver,7.390.000,https://phongvu.vn/galaxy-a34-5g-8gb-128gb--p505121,https://lh3.googleusercontent.com/t1wlf5RCet7jlzI3Ia01L9zBS7sDI1YJbGOY5fhIFQTyjtW5M_wdIGlLiGPkKFLecJ9FkvykcBE-kh11RQF2UUR0jeH6gMqVmQ=w500-rw
Điện thoại Samsung Galaxy A34 5G 8GB/128GB,- Bộ nhớ: 128GB,Màu sắc: Lime,7.390.000,https://phongvu.vn/galaxy-a34-5g-8gb-128gb--p505121,https://lh3.googleusercontent.com/9_jJFi-I7fQckaWN64ruNGLBNEBCHVC1t1sxKWo-fRYVoueS9U3X1bbaPzk-a3CzAFvt8w0rEbiVnfmoGnDUJxvjQyE3Qgbl=w500-rw
Xiaomi Redmi Note 11 Pro,- Bộ nhớ: 128GB,Màu sắc: Blue,6.490.000,https://phongvu.vn/xiaomi-redmi-note-11-pro--p415245,https://lh3.googleusercontent.com/TFqxI0kGP7LLszJhVlwqlikLJgvoUPSPx6fdEhjbCyZMEUKrY0pGp6vfyk8SlokD3eMage7xuGH_aHIKYga76zJhQXYL6cvk=w500-rw
Xiaomi Redmi Note 11 Pro,- Bộ nhớ: 128GB,Màu sắc: White,6.490.000,https://phongvu.vn/xiaomi-redmi-note-11-pro--p415245,https://lh3.googleusercontent.com/qHR1VAfgxOhpJkfUS4l2TFVNKGRF67Z448J_nYy4NVhlZMH5POgpElfRmbVatHMhfDQyqZpeSVNRn7gty-oyFJRMn5EpSQYx=w500-rw
Điện thoại Samsung Galaxy A34 5G 8GB/128GB,- Bộ nhớ: 128GB,Màu sắc: Graphite,7.390.000,https://phongvu.vn/galaxy-a34-5g-8gb-128gb--p505121,https://lh3.googleusercontent.com/sdF3uWpjbpQvnHY4IdcnUAT3IYo8NoFsamww5f4rD8G46cVRHjhSD1LFlq40MCR1JiN_fFaO6p2oy2XY1XlEvvxRDnBFcrxy=w500-rw
Điện thoại Samsung Galaxy A14 LTE 4GB/128GB,- Bộ nhớ: 128GB,Màu sắc: Silver,3.790.000,https://phongvu.vn/samsung-galaxy-a14-lte-4gb-128gb--p505120,https://lh3.googleusercontent.com/Dm39LHCDfei9afwsClpyKlZl4kicVVo29nif3jQ42zl2HWfXJ0YZXoJ3CYGNX6Nbzp9BSGK_lElMKNtHD01xyUDssOrtJi4=w500-rw
Điện thoại Samsung Galaxy A54 5G 8GB,- Bộ nhớ: 128GB,Màu sắc: Lime,8.890.000,https://phongvu.vn/samsung-galaxy-a54-5g-8gb-128gb--p505122,https://lh3.googleusercontent.com/RwVZdi4NHaTf2G74cIYYZmn1ajVuWfwk2xw2icIHotXxrHqzlhbve7pOvVrneGnoZAKJ_imEp9jZQjTjwhhoeMX2Yl62PU9b=w500-rw
Điện thoại Samsung Galaxy A54 5G 8GB,- Bộ nhớ: 128GB,Màu sắc: Violet,9.190.000,https://phongvu.vn/samsung-galaxy-a54-5g-8gb-128gb--p505122,https://lh3.googleusercontent.com/VNYRJfAP54HmNnd7_n3tbilKixB_k0Vg-FvdyQ8WcNgV9S6kqMghMIrHOQkjZOIVW9z6UKtMs4XMDeIoct_-EAUKhJpRZPpNFA=w500-rw
Điện thoại Samsung Galaxy A54 5G 8GB,- Bộ nhớ: 128GB,Màu sắc: Graphite,8.890.000,https://phongvu.vn/samsung-galaxy-a54-5g-8gb-128gb--p505122,https://lh3.googleusercontent.com/jBI4oO6RFe7tw-udHQBe8zd4_lmE452ft1JZiYS-GW52plmTovru6fgzNdwAHNnBls0PVIcxe-Fmbi_Df4Qd7kx1lWBYpePb=w500-rw
Điện thoại Samsung Galaxy A54 5G 8GB,- Bộ nhớ: 256GB,Màu sắc: Graphite,9.390.000,https://phongvu.vn/samsung-galaxy-a54-5g-8gb-128gb--p505122,https://lh3.googleusercontent.com/m_hpHbe186d283rf2CABOmOP_6v817jq0Zi-XUdTwiFrhpKElwdK_0Y44ewCSxrhaCMkLDIa8fN46aCgWMZIn6C_vZ3b_4TT1g=w500-rw
Điện thoại Samsung Galaxy A14 LTE 4GB/128GB,- Bộ nhớ: 128GB,Màu sắc: Burgundy Red,3.890.000,https://phongvu.vn/samsung-galaxy-a14-lte-4gb-128gb--p505120,https://lh3.googleusercontent.com/QCCkKu7BIYPN3CXBqJGfsnlp12IWKpjiubqkgm2Z76d__omIcs-ZrrR8KE9LtXuKZ36a4V_6MoFdlqYMiuEuP4Z7JT-GHwfL=w500-rw
Điện thoại Samsung Galaxy A14 LTE 4GB/128GB,- Bộ nhớ: 128GB,Màu sắc: Midnight Black,3.790.000,https://phongvu.vn/samsung-galaxy-a14-lte-4gb-128gb--p505120,https://lh3.googleusercontent.com/Zik96HZieEP9HlnjftfiiZ7v_QmaNx8dEpytaELaubOe3DZoAcn01cd8qZDR6fBqRpKQ2bwWJd1_jYML8HEvxBO5i5e8qQk=w500-rw
Điện thoại Samsung Galaxy S23 Ultra,- Bộ nhớ: 256GB,Màu sắc: Lavender,24.990.000,https://phongvu.vn/samsung-galaxy-s23-ultra--p500205,https://lh3.googleusercontent.com/dHjQYhCiZUKY4FG23qg6v6tvr_b00_hBVdcakj6wIJ4Ofb1bELb1zeL6dAxLaPFofahuNSYg3lU3hMdpTnAgCaD5WeIifFPO=w500-rw
Điện thoại Samsung Galaxy S23 Plus,- Bộ nhớ: 256GB,Màu sắc: Lavender,20.490.000,https://phongvu.vn/samsung-galaxy-s23-plus--p500203,https://lh3.googleusercontent.com/p1fMhZdJxzg_Mn5TJ7dqqHNYF3MjEwXls-Bu7K5aiZqzEEMnX9n4Z77HLkeCo9rqWf2fMKNdKhG8i2YtVhxrxfE9ZG4G2SS_=w500-rw
Điện thoại Samsung Galaxy S23 8GB/256GB,- Bộ nhớ: 256GB,Màu sắc: Misty Lilac,16.790.000,https://phongvu.vn/samsung-galaxy-s23-256gb--p500202,https://lh3.googleusercontent.com/kwlxVp58YTMBQRwCkVB3_hQcXfSufP4EWAKjRQkWvqBXM07va6Q-wxJeJ0MML0nnVyc4kIBqrUfwdYpmLt5knD974PAbF5E2QQ=w500-rw
Điện thoại Samsung Galaxy A04 3GB/32GB,- Bộ nhớ: 32GB,Màu sắc: Copper,2.290.000,https://phongvu.vn/samsung-galaxy-a04-3gb-32gb--p468121,https://lh3.googleusercontent.com/EofTXpzj8RycPG4XK64BuRf04B2K3dWEiToKLZ5rqeDGY87akz4YYuiCtyw7G-9Vd_gsu70vENfDXbxYAP5qL3sq3oDbC9g=w500-rw
Điện thoại Samsung Galaxy Z Fold 4 12GB,- Bộ nhớ: 256GB,Màu sắc: Gray Green,33.490.000,https://phongvu.vn/samsung-galaxy-z-fold-4-12gb--p466800,https://lh3.googleusercontent.com/eMq0YT7g7j8_UHwdNXMt6N8uYMdvVNWXXU-f5MePPCfSQdzcmf0PI-myx3jMJJXEszcsAaZY2dxnIOR0tITBsKKBhxfXCZE=w500-rw
Điện thoại Samsung Galaxy Z Flip4 8GB,- Bộ nhớ: 128GB,Màu sắc: Blue,17.490.000,https://phongvu.vn/samsung-galaxy-z-flip4-8gb--p466799,https://lh3.googleusercontent.com/5qKnJ2IKHTaEn8i6WlgtolIrCiSHo3bG3V4pul9_lLsWcAn76O7mL6UyFdN1JsJ5Tjg3mstOyeJdPRlW6G104QtDmlnN-_4=w500-rw
Điện thoại Samsung Galaxy Z Flip4 8GB,- Bộ nhớ: 256GB,Màu sắc: Blue,19.490.000,https://phongvu.vn/samsung-galaxy-z-flip4-8gb--p466799,https://lh3.googleusercontent.com/LO6hqOGpq6qBkxjaSRY-X-apFvmnVCahC_PrLkfzRq4pjHjyPlr_ZCtYZaHpljc8kkDYRJ7SmfpT7gSUdczRju93RNJpqBq8=w500-rw
Điện thoại Samsung Galaxy S23 Plus,- Bộ nhớ: 512GB,Màu sắc: Lavender,23.190.000,https://phongvu.vn/samsung-galaxy-s23-plus--p500203,https://lh3.googleusercontent.com/SatALxMRujGkDgFrzkjdkSar2emyQDZ9wj5n6Fym8LAPsruUnmWG39Mh8D3gifkbdN1D2kJSP0SqrC-_DTyZcdlX4n27rHHmXQ=w500-rw
Điện thoại Samsung Galaxy S23 Ultra,- Bộ nhớ: 512GB,Màu sắc: Lavender,28.490.000,https://phongvu.vn/samsung-galaxy-s23-ultra--p500205,https://lh3.googleusercontent.com/lZpQJnqqr_ZUOWrDBXloQFG8K1SFt3ka5wmiwBIpEswGNmaZQPIsKuKH0OWqB8ofIb6pLrGVG6KmVB3eJM0I48s-Li-f31aL=w500-rw
Điện thoại Samsung Galaxy S23 Ultra,- Bộ nhớ: 12GB,Màu sắc: Lavender,33.990.000,https://phongvu.vn/samsung-galaxy-s23-ultra--p500205,https://lh3.googleusercontent.com/VPSqktdUW_rcGUQkhaipA-9QmE00rgC-YrI9oxGBPBr_3EMM7YHtdf1QyiwGBeJFzeFb4cXXkpesFq8hcBJqnWPQQRPFlI8=w500-rw
iPhone 14 Pro Max | Chính Hãng VNA,- Bộ nhớ: 128GB,Màu sắc: Space Black,27.790.000,https://phongvu.vn/iphone-14-pro-max--p459617,https://lh3.googleusercontent.com/mxtb704ce91o45uDdHEpkwks7xZ0zLt_URe-MwfDVK-XPf9MQxODtYcWUW2WD2RPhgdq20BmkrAWA6QgEUSz8lYTlwmb3_3s=w500-rw
iPhone 14 Plus | Chính hãng VNA,Bộ nhớ: 128GB,Màu sắc: Midnight,21.790.000,https://phongvu.vn/iphone-14-plus--p459614,https://lh3.googleusercontent.com/dFL2usgfUU580hhCjktI1fz2bu-luoH-gbn5Mih7Ss0RTkoGTsHMtzkmoBAJFnObBmVeLSuSF7YO0fKWO3Gq-dX_qM9kOYvT=w500-rw
iPhone 14 | Chính Hãng VNA,- Bộ nhớ: 128GB,Màu sắc: Midnight,18.990.000,https://phongvu.vn/iphone-14--p459613,https://lh3.googleusercontent.com/HD6tK_lv_T2Hp6WDHzRREnZI0T-Cnx1hgDTAPuMWZBHB8di1gdeyL5KBZz34diG54BDRF0zqXQL6loA90vL4HoS0jmUYFEc=w500-rw
ASUS ROG Phone 6,- Bộ nhớ: 256GB,Màu sắc: Phantom Black,15.490.000,https://phongvu.vn/asus-rog-phone-6--p442461,https://lh3.googleusercontent.com/301o4gbjWNTE8OYVGKnzWOaPwIAozy_LwzyZ_teO08q4gzDvRfeYy85l9cWM2SGruEaaXPh0LZSnzMZNUrvUAnwuo4f8Oh8=w500-rw
iPhone 14 | Chính Hãng VNA,- Bộ nhớ: 256GB,Màu sắc: Midnight,21.490.000,https://phongvu.vn/iphone-14--p459613,https://lh3.googleusercontent.com/07JyisE4lU-ESv3_07WZVtDO8RqUub-ZRP3qkXgLl0knsjYqNZHOz5WRIYcNkRuq89SsruvnrG1faFYKo544e2kaqnDffzc=w500-rw
iPhone 14 | Chính Hãng VNA,- Bộ nhớ: 512GB,Màu sắc: Midnight,24.490.000,https://phongvu.vn/iphone-14--p459613,https://lh3.googleusercontent.com/LQPaErFVmRoSOFqYvO_1KTwhNzsqzfaYCYex9hFXDe1qIBwKFnyiYIeYJEf37eO4Euj6aZl9DyELNomT9CZ2PCopmYlJyE15=w500-rw
iPhone 14 Plus | Chính hãng VNA,- Bộ nhớ: 256GB,Màu sắc: Midnight,23.990.000,https://phongvu.vn/iphone-14-plus--p459614,https://lh3.googleusercontent.com/hvNRNRmNLE8kTu0_b11mBcRpR9jTwWjJf5Ro-litVeJ-1fzRSykpkOeh_7I04a8_TylJtg5p6RoZhVUh830jKMwJEZTDwDo=w500-rw
iPhone 14 Plus | Chính hãng VNA,- Bộ nhớ: 512GB,Màu sắc: Midnight,24.990.000,https://phongvu.vn/iphone-14-plus--p459614,https://lh3.googleusercontent.com/_w490sz6ZEpkptUIqX9nb2jQJKR-p2q1SzWhmmLYMrR9yGuFIl5KJTzUXeky5aZWrS9SubUqP7KaoriEQvC-R4JnB2y0SH-fjw=w500-rw
iPhone 14 Pro Max | Chính Hãng VNA,- Bộ nhớ: 256GB,Màu sắc: Space Black,30.490.000,https://phongvu.vn/iphone-14-pro-max--p459617,https://lh3.googleusercontent.com/jBMU5QY9ptzRAk9y2JBCzCJzdQmUKRqeenGjX4kHgDgGWFu7gCyDUJCqOr2YIsaCi-kWgU0quO0bJMWtf-vqWSc1_VkTy1wu=w500-rw
iPhone 14 Pro Max | Chính Hãng VNA,- Bộ nhớ: 512GB,Màu sắc: Space Black,35.490.000,https://phongvu.vn/iphone-14-pro-max--p459617,https://lh3.googleusercontent.com/DuHSYrq-6s9eSJfw8cUOI2d_h4mLo59LZZsBsTjsUrzXL_vsGtnzBXIklxoFLKpF40z_GA2MxDEMRhuAHS254ro_ut8QYBxg=w500-rw
iPhone 14 Pro Max | Chính Hãng VNA,- Bộ nhớ: 1 TB,Màu sắc: Space Black,40.990.000,https://phongvu.vn/iphone-14-pro-max--p459617,https://lh3.googleusercontent.com/Rmg1eJ0THO0mXMu2PRTOYel1mCOh5x1aKVo3sq-XeEAWyAMHnivKQ4Dz_jj14U5wjvQzDJPRqSaKNPc12YtfxwfUhYxmXsR4=w500-rw
ASUS ROG Phone 6,- Bộ nhớ: 256GB,Màu sắc: Storm White,15.490.000,https://phongvu.vn/asus-rog-phone-6--p442461,https://lh3.googleusercontent.com/J5xGhpMMdpZfx-CPLBFYKI_Ojn3-z8c_UFhi1Iun_L9XZjWUoVdIZGcdVlL7FvTdOi2SQm2dR3cItnbBCkGguiDOfjOKkDqE=w500-rw
iPhone 14 | Chính Hãng VNA,- Bộ nhớ: 128GB,Màu sắc: Starlight,19.190.000,https://phongvu.vn/iphone-14--p459613,https://lh3.googleusercontent.com/3pDrsg_9AJwnvxSkiWWZi77LrykIsNj3MH_SBJpMVD9gYVRGmaG60ziLTcGtHt5Ah92laWW_eR05GfU1NJUWC3s_BEhbnozB=w500-rw
iPhone 14 | Chính Hãng VNA,- Bộ nhớ: 128GB,Màu sắc: Purple,19.190.000,https://phongvu.vn/iphone-14--p459613,https://lh3.googleusercontent.com/GK7l-25XLmoGwGII3JGySFUnjdbi2eoAMT5VixQ4hqYsBc-6pHhk-uMi6_BCR_VinoTZA4OJ-IICWrzl5UOx57uvItS71Sc=w500-rw
iPhone 14 | Chính Hãng VNA,- Bộ nhớ: 256GB,Màu sắc: Purple,21.490.000,https://phongvu.vn/iphone-14--p459613,https://lh3.googleusercontent.com/Gh59MTLxRc2YyH4yzFK-ZHigealLKwx5DSjcR9HjpwKoymGrFbFqRfSVYsMukN8lG5mOZioH0Z-S13ntEoGOfH1Mss051bLD=w500-rw
iPhone 14 | Chính Hãng VNA,- Bộ nhớ: 512GB,Màu sắc: Purple,24.490.000,https://phongvu.vn/iphone-14--p459613,https://lh3.googleusercontent.com/jWQeOPrxP9p8TDvE5W0fp5NXcLtK1DObMV-4TidxYsgCL5jwi6ex8NCSI-lWsVxr7Bl8oHfbU3gfgilPiY2t0Ae9RrZnXbk=w500-rw
iPhone 14 | Chính Hãng VNA,- Bộ nhớ: 256GB,Màu sắc: Starlight,21.490.000,https://phongvu.vn/iphone-14--p459613,https://lh3.googleusercontent.com/r3vVFt-K-YQ8sshGsncDO5fcIgE63ri9R7wRMg3Q69XO5FU7RT6P8CK2cPDUsCuwcB966KloiQmBIWXNcEZWiqlqBydk3D-D4w=w500-rw
iPhone 14 | Chính Hãng VNA,- Bộ nhớ: 512GB,Màu sắc: Starlight,24.490.000,https://phongvu.vn/iphone-14--p459613,https://lh3.googleusercontent.com/Iqw3511MflpxccMuXHeVc2b6pNU20EtqypCXp-sWf0UZv-kQHYLw7J_8XNJUBNEN_4XWMv0LpG05VO_ExRL5JDKmlDS8kHo=w500-rw
Điện thoại Samsung Galaxy A54 5G 8GB,- Bộ nhớ: 256GB,Màu sắc: Violet,9.390.000,https://phongvu.vn/samsung-galaxy-a54-5g-8gb-128gb--p505122,https://lh3.googleusercontent.com/O1z-KcEfjUr5DdIX8ymk5QaRSDPuzTy_autZJpxTTzR--XzB5GGDFTjo_mluqTX2qazs0twQeSz1M1k-DmcRB6NPgsJQakLc=w500-rw
iPhone 14 | Chính Hãng VNA,- Bộ nhớ: 128GB,Màu sắc: Red,18.990.000,https://phongvu.vn/iphone-14--p459613,https://lh3.googleusercontent.com/V0Ss2bi-OtzLz0aJjU98JnZi8rJNovlSNTBL4KC1OyY7dMeOBjqqIScsjboTMmZtJeusgLr7MBSLZFh2s0en5nXpd-utDrbSIA=w500-rw
iPhone 14 | Chính Hãng VNA,- Bộ nhớ: 128GB,Màu sắc: Blue,19.190.000,https://phongvu.vn/iphone-14--p459613,https://lh3.googleusercontent.com/eLL7T8KRkV-u1SzTef9vTrsDKpFO9sgaJyfqrHN2KzKIYpyQ3Xzd090RnxO7koXZcSNoc0co8SsX7zzjE68OI-81y9luFjl0=w500-rw
iPhone 14 Plus | Chính hãng VNA,- Bộ nhớ: 128GB,Màu sắc: Starlight,21.790.000,https://phongvu.vn/iphone-14-plus--p459614,https://lh3.googleusercontent.com/yquKD5JnaMYjXjoldsbGdf93k6OQgUyKvgB75i9fYZ_Dv_CwcJDEHXHrhoPZG1dwjEA5LztGKZpboeq_H6BohkNtxtCXJS_j=w500-rw
iPhone 14 Plus | Chính hãng VNA,- Bộ nhớ: 256GB,Màu sắc: Starlight,24.490.000,https://phongvu.vn/iphone-14-plus--p459614,https://lh3.googleusercontent.com/jpwP_cH_5b3ZFO0JHeEz_dWnEd3GE-m9zHkIf2Vy2uiq1G5qtre1Hz1UWlG3vWaACRu1O0ht1q9d91wAIWLJZK1KIu4qilY=w500-rw
iPhone 14 Plus | Chính hãng VNA,- Bộ nhớ: 512GB,Màu sắc: Starlight,24.990.000,https://phongvu.vn/iphone-14-plus--p459614,https://lh3.googleusercontent.com/06-nYJ3S76YVk9gs99_7_sV24U58C81Iq-wCVpjWQdOD5eXzNSaI8HbPGqoJuGAyOVT0OaWs221-xMadV8lqTR8BTTyHvSBHEQ=w500-rw
iPhone 14 | Chính Hãng VNA,- Bộ nhớ: 256GB,Màu sắc: Blue,21.490.000,https://phongvu.vn/iphone-14--p459613,https://lh3.googleusercontent.com/cwJIK8Zs5zRwYYmQETyEW3-fy_r044pMVnM4Z3xzV0nvYYDpFwHIddDbt_-PCoMT1bNklfBkn4KwXqpugO2y9cKcV7qDoO9o=w500-rw
iPhone 14 | Chính Hãng VNA,- Bộ nhớ: 512GB,Màu sắc: Blue,24.490.000,https://phongvu.vn/iphone-14--p459613,https://lh3.googleusercontent.com/ot8GB2ZmgDKpIgSc8dcTGV0AQxb9ttC60mZDAw4gnvJyiVbvtHrQqMPpv1lqSFkaCQWCYjE3-L8icZ_DetG9GWChAnwcqqo5=w500-rw
iPhone 14 | Chính Hãng VNA,- Bộ nhớ: 256GB,Màu sắc: Red,21.790.000,https://phongvu.vn/iphone-14--p459613,https://lh3.googleusercontent.com/i7EUc1smD3Q-A0RShjzZNa8CRbXd727i3VIWUnPoMnaCFx5hJyH9k-ahrfevDxd9J8sbKQho0MyogaWCcuGl3kJ7qINq9Sf3=w500-rw
iPhone 14 | Chính Hãng VNA,- Bộ nhớ: 512GB,Màu sắc: Red,24.490.000,https://phongvu.vn/iphone-14--p459613,https://lh3.googleusercontent.com/jImSnkLFtSQ9BxKfBvE3UGsS4vyyFmQK5gAOBzpN6inouvEnupE28--OyN6sVvr6d5SUTfqUdkRlC27Hdw94S-oVxMJFTb8=w500-rw
Điện thoại Samsung Galaxy A54 5G 8GB,- Bộ nhớ: 256GB,Màu sắc: Lime,9.790.000,https://phongvu.vn/samsung-galaxy-a54-5g-8gb-128gb--p505122,https://lh3.googleusercontent.com/W9vRtnANnPIiw4ZBdvikbrw19sqAAkCoharyIFnqHdfBFhVdXVYK-9n1t5fEvPutXzk2V7kjJ2KG9KXsIZNgQZ2JuO7XjA=w500-rw
iPhone 14 Plus | Chính hãng VNA,- Bộ nhớ: 128GB,Màu sắc: Purple,21.390.000,https://phongvu.vn/iphone-14-plus--p459614,https://lh3.googleusercontent.com/INlO83z5PGYnm1V38G4SSfEYks-ieJrMKNAQ8ocfrpxQ6U4rHdupnLej6IYm7STOrwM4NuI27QuQG8tAfytlQ9QY8_MZNAU7hg=w500-rw
iPhone 14 Plus | Chính hãng VNA,- Bộ nhớ: 128GB,Màu sắc: Red,21.390.000,https://phongvu.vn/iphone-14-plus--p459614,https://lh3.googleusercontent.com/CERp9PqnZxKwd33GQEZ89Rm_dT-aduwuCYtu_qL6jOM3Ud4ZUKyKr81FEJcn5hpDhzP9naQimLTDAhLT--vuxAWDDcNTNS0w=w500-rw
iPhone 14 Plus | Chính hãng VNA,- Bộ nhớ: 128GB,Màu sắc: Blue,21.790.000,https://phongvu.vn/iphone-14-plus--p459614,https://lh3.googleusercontent.com/5zuQqKLH4txOE8wGR_s4V5FwE3ajIP1TvDZtTScDU-ZCzHj42-gmS4TOiXaVVdwPw25dboQq3m8XHTEeFnJ0iFmJ7sZ4LYN7=w500-rw
iPhone 14 Pro Max | Chính Hãng VNA,- Bộ nhớ: 128GB,Màu sắc: Silver,27.790.000,https://phongvu.vn/iphone-14-pro-max--p459617,https://lh3.googleusercontent.com/DNllt0SnnNV96yRVE8c-StKPZSiO99F1SBS5LIGm4Fm7ebqRBXXHHzcxyzoFYYXiqUejbQAOe3Z5eXJiCtxprCFcDY009Mlx=w500-rw
iPhone 14 Pro Max | Chính Hãng VNA,- Bộ nhớ: 128GB,Màu sắc: Gold,27.790.000,https://phongvu.vn/iphone-14-pro-max--p459617,https://lh3.googleusercontent.com/-IWi9ZRMRCvPuwQt5ZgWWfNfmOMtPPmXKD6VEvtgjagGWLSax0O1VJwt_o4f_QORvpOomB4GGjgEzpB2Vd3pccsUSWFtFUIn=w500-rw
iPhone 14 Pro Max | Chính Hãng VNA,- Bộ nhớ: 128GB,Màu sắc: Deep Purple,27.790.000,https://phongvu.vn/iphone-14-pro-max--p459617,https://lh3.googleusercontent.com/EbLo9fFCx8OcgWr8dxP1ulnB96POm_d1PD6R3DLv30MFjoLR_J19oN10Mhg-Wyqbsq6FBYkybx6MIEPwfY3E0av5d74WZ2w0=w500-rw
iPhone 14 Pro Max | Chính Hãng VNA,- Bộ nhớ: 256GB,Màu sắc: Deep Purple,30.490.000,https://phongvu.vn/iphone-14-pro-max--p459617,https://lh3.googleusercontent.com/E64wwhMluw5YV1V66uMG0BCabON-lvISApg7PUJRvJuwH9tJ368Qz9QEPEQHd-LG2j_jmTyegWcJSUMc-U2A19aUR6mKMMno=w500-rw
iPhone 14 Pro Max | Chính Hãng VNA,- Bộ nhớ: 512GB,Màu sắc: Deep Purple,35.490.000,https://phongvu.vn/iphone-14-pro-max--p459617,https://lh3.googleusercontent.com/_uK2LkCBsW62PtNPgB-Wb-eWO0syTwr38lXxpV2DBVAW6R7ggBTIdenZ5Tf_7ZFSjtxKPxZZvwsOxBlF6YIbngFduopOS3j4=w500-rw
iPhone 14 Pro Max | Chính Hãng VNA,- Bộ nhớ: 1TB,Màu sắc: Deep Purple,40.990.000,https://phongvu.vn/iphone-14-pro-max--p459617,https://lh3.googleusercontent.com/pEKoGm5AwxO5tRftol6glaH4JefECs2O-jVzI4zhgrt2NmfFCN5VRbAjdNPy0XZA9sWmrFwZSLilm1wv39q4Z-GV2SaH74w=w500-rw
iPhone 14 Pro Max | Chính Hãng VNA,- Bộ nhớ: 256GB,Màu sắc: Gold,30.490.000,https://phongvu.vn/iphone-14-pro-max--p459617,https://lh3.googleusercontent.com/Y1OVqtPmmjFd3lzbR0onqBQLgUtNkiX2T4zCffguTiZoMs73EJ9naybVgmrRat4i6bqWSC6oMQYvkWZlKxWlddEY3EzNvIj6=w500-rw
iPhone 14 Pro Max | Chính Hãng VNA,- Bộ nhớ: 512GB,Màu sắc: Gold,35.490.000,https://phongvu.vn/iphone-14-pro-max--p459617,https://lh3.googleusercontent.com/XNq4-34T4JU35qtBhkSzfOGVocPVSeElCOryTQbHOx2jl1y1dys0O1pKiUk40lZi5mbAhdpggogTMyQue7HxLTpc5lu6nJ1o=w500-rw
iPhone 14 Pro Max | Chính Hãng VNA,- Bộ nhớ: 1TB,Màu sắc: Gold,40.990.000,https://phongvu.vn/iphone-14-pro-max--p459617,https://lh3.googleusercontent.com/-kaLsvoiilEsEhZMXm-VA5fWmtW_21W5Lphuw6U8i65Fck_HQIQMpeOP03VjVGPO8uo2wPDl34TPKjqLa9rNckelOfBI6moDFw=w500-rw
iPhone 14 Pro Max | Chính Hãng VNA,- Bộ nhớ: 256GB,Màu sắc: Silver,30.490.000,https://phongvu.vn/iphone-14-pro-max--p459617,https://lh3.googleusercontent.com/ke3q8cJQIW-GfJseRgfAIhRFX5O3RDNEJslb-YpLHucaA8M1EocZOzQ9lfpLnK5KFGj8sSaicJiPDBkXIQq9inTO-eemsmvsig=w500-rw
iPhone 14 Pro Max | Chính Hãng VNA,- Bộ nhớ: 512GB,Màu sắc: Silver,34.990.000,https://phongvu.vn/iphone-14-pro-max--p459617,https://lh3.googleusercontent.com/TEKKYejcHdp0xZWkTmsKA1GgWK7FIABonY5150WE2H3sM8IU2ETzt1QfOUGFVexUtC0QuPbq9I5LmTCfwrUO3-yOW7XZ_fxKHg=w500-rw
iPhone 14 Pro Max | Chính Hãng VNA,- Bộ nhớ: 1TB,Màu sắc: Silver,40.990.000,https://phongvu.vn/iphone-14-pro-max--p459617,https://lh3.googleusercontent.com/h8klikjGNCdmHJT1AU9pvN47v5H2yrys188wCi7qI2EGLfiE3yTRsXawANK3UqFHUtR2DOOvRHFxT2lRjuuIdxbTZmq7xJgaFQ=w500-rw
iPhone 14 Plus | Chính hãng VNA,- Bộ nhớ: 256GB,Màu sắc: Blue,23.990.000,https://phongvu.vn/iphone-14-plus--p459614,https://lh3.googleusercontent.com/6ZVk7pydMZflZ2CpyQEwR9tGiyN9lrlT0hHYx-ZXMtrJ4F4JtG4YTF1_Q9VCae6p4oNNsyRvhnuDjDKwzEtzIx24x21v5XZ6=w500-rw
iPhone 14 Plus | Chính hãng VNA,- Bộ nhớ: 512GB,Màu sắc: Blue,24.990.000,https://phongvu.vn/iphone-14-plus--p459614,https://lh3.googleusercontent.com/3gZ3fTW3-jHYWovufemh76oo8X1IzcJAc9WeN9F2YMbyjICCQjmGMGztkCZxeYc4dW-apfhok-MFMsVO_ep0BQp5wIG0q3G_=w500-rw
iPhone 14 Plus | Chính hãng VNA,- Bộ nhớ: 256GB,Màu sắc: Red,24.490.000,https://phongvu.vn/iphone-14-plus--p459614,https://lh3.googleusercontent.com/c5Wb6O-9I_YAHXEUPwhMkJgZU5AWOQXZ3tzHP1t4eCgrxqKNiOEALRizBbqL8L3yN0dICic4VeZGjhD9rvHWi4PTB84qAUAz=w500-rw
iPhone 14 Plus | Chính hãng VNA,- Bộ nhớ: 512GB,Màu sắc: Red,24.990.000,https://phongvu.vn/iphone-14-plus--p459614,https://lh3.googleusercontent.com/vAE-r0pkPUAURbbFrve6Ihce7OnL5asaHbRFWjXcEI05-cScWP7MKogT0cNSAJRKRRDcXpUsgVUbGYNiTRfxuIQi0Q5c1PzH=w500-rw
iPhone 14 Plus | Chính hãng VNA,- Bộ nhớ: 256GB,Màu sắc: Purple,23.990.000,https://phongvu.vn/iphone-14-plus--p459614,https://lh3.googleusercontent.com/t1ukqRbLODsIHDyE8qEDqd11KnA7OfNJNayIBA6yVP9XLo8D_-QBLFG4tjlnFMxyCvBfNJKfDD-0u4R7O085RzDu7PnljlMZXg=w500-rw
iPhone 14 Plus | Chính hãng VNA,- Bộ nhớ: 512GB,Màu sắc: Purple,24.990.000,https://phongvu.vn/iphone-14-plus--p459614,https://lh3.googleusercontent.com/vd5z-p37yT7Eo1QPXnpJSr-vtUjRPa_qf47VOG9k516KrOYu-PQ9jDkczcU1ncmXEna9hynLMPdLb8FPoYE7gO__57OsXLd_rw=w500-rw
Điện thoại Samsung Galaxy Z Flip4 8GB,- Bộ nhớ: 128GB,Màu sắc: Purple,17.490.000,https://phongvu.vn/samsung-galaxy-z-flip4-8gb--p466799,https://lh3.googleusercontent.com/r_xFGeSZ4xFlzdKgItX8Jp82j10sfAnJwvyIYMNpEr9K-gaJzeBnMJJsEd6L51m1of60-l1VjFPj7mvrA7KSyu-WrAXIkxM=w500-rw
Điện thoại Samsung Galaxy Z Flip4 8GB,- Bộ nhớ: 128GB,Màu sắc: Graphite,17.490.000,https://phongvu.vn/samsung-galaxy-z-flip4-8gb--p466799,https://lh3.googleusercontent.com/htFix6oBOV4rMxP2CQIEJeFavL7073sPFAx6MnsG5aGI7VXq7kW_nR9RNA5E0X0mDZAdIpYDXTCi45T27qg3axqIEDe6uhWceA=w500-rw
Điện thoại Samsung Galaxy Z Flip4 8GB,- Bộ nhớ: 128GB,Màu sắc: Pink Gold,17.490.000,https://phongvu.vn/samsung-galaxy-z-flip4-8gb--p466799,https://lh3.googleusercontent.com/KVrFXMqWz6A_ZpEUCOTT6lrLHogfvxun2F-g7GkxI9Sh22ujP0ZA25tmPU1n8VGgeRSA2zDSwNzGCTphxgRzGBkc3WCYIWj4=w500-rw
Điện thoại Samsung Galaxy Z Fold 4 12GB,- Bộ nhớ: 256GB,Màu sắc: Beige,33.490.000,https://phongvu.vn/samsung-galaxy-z-fold-4-12gb--p466800,https://lh3.googleusercontent.com/5Y7ckA-xALh11fjQaBS-0_KIlop-zWTiVVNZCLDtbOCBgSE5rXEm3NzGnwJMO5p-fEoQyZR7n99842lFaPz5-jKsnHnumVk2Ew=w500-rw
Điện thoại Samsung Galaxy Z Fold 4 12GB,- Bộ nhớ: 256GB,Màu sắc: Black,33.490.000,https://phongvu.vn/samsung-galaxy-z-fold-4-12gb--p466800,https://lh3.googleusercontent.com/qoFxE14DnUbr9YwIzUuVMx095avpJzHl_Llowrr0XzKShA09Yq08Q9wb8HjCLPrrI-ndFonwyXKr9edzg2R3kIRFtgnufXSd=w500-rw
Điện thoại Samsung Galaxy A04 3GB/32GB,- Bộ nhớ: 32GB,Màu sắc: Green,2.290.000,https://phongvu.vn/samsung-galaxy-a04-3gb-32gb--p468121,https://lh3.googleusercontent.com/xzlxkpQ0X3ouXOPHl5Ud36haOGelbJ4fSKBcwIIf8F-Sr4yOdJzDAQJOjP66sN7g2DLYhZV732kUO-loVHxgxXcKvRduz6ZT=w500-rw
Điện thoại Samsung Galaxy A04 3GB/32GB,- Bộ nhớ: 32GB,Màu sắc: Black,2.190.000,https://phongvu.vn/samsung-galaxy-a04-3gb-32gb--p468121,https://lh3.googleusercontent.com/ukr58-jWK7P1gjwO6Jtt22SRLEkhQI7J45Z6cjPO12ssTfhLYWbgpCdR7gjbT-ltlyB1Nseqt5hV3rh53hfS2oSaS4-fIXPj=w500-rw
Điện thoại Samsung Galaxy S23 8GB/256GB,- Bộ nhớ: 256GB,Màu sắc: Cotton Flower,17.490.000,https://phongvu.vn/samsung-galaxy-s23-256gb--p500202,https://lh3.googleusercontent.com/tD1f7SRkmg22L4suh7iYt4Kt3K4QQLxnL9omZ_nloWGa1XszWPxtYRZj69S4m-ZjnnZ1HCuq-Wtk1b60rNVtnD-rNu-Ulzdz=w500-rw
Điện thoại Samsung Galaxy S23 8GB/256GB,- Bộ nhớ: 256GB,Màu sắc: Botanic Green,17.490.000,https://phongvu.vn/samsung-galaxy-s23-256gb--p500202,https://lh3.googleusercontent.com/hor8FRlrAzuI3ycB1KoMKtYI6218BjzHk9XPLhbJolgckWnCQN2JQ2dWnURWNWagoCEQl8zMECgem3t8OJsdTIRriq1DsKg=w500-rw
Điện thoại Samsung Galaxy S23 8GB/256GB,- Bộ nhớ: 256GB,Màu sắc: Phantom Black,17.490.000,https://phongvu.vn/samsung-galaxy-s23-256gb--p500202,https://lh3.googleusercontent.com/cxuEVoeFYq-OqJG19Hu_2_cgAvro9dS_d_kDVMQK7Ul3C6WStNJl_kvXMVmW6DsdWEMVHw98axu6arH1ZU7IAFRdsBcfpZs=w500-rw
Điện thoại Samsung Galaxy S23 Plus,- Bộ nhớ: 256GB,Màu sắc: Cotton Flower,20.990.000,https://phongvu.vn/samsung-galaxy-s23-plus--p500203,https://lh3.googleusercontent.com/0PvBsq1fMM19r8xYt3OCytakkuQY5zCzq48X8UeXl-S1SswPpGHdY4EDMKh5enpXNWEif0PdZFs2ppQF08tsmQtCDzaHWIrP=w500-rw
Điện thoại Samsung Galaxy S23 Plus,- Bộ nhớ: 256GB,Màu sắc: Botanic Green,20.490.000,https://phongvu.vn/samsung-galaxy-s23-plus--p500203,https://lh3.googleusercontent.com/NGcHcYN5n2It5nXYmtqLobpXm-_DGophtZauKE1_O2de0OGNTzFXLvjpf02OobF6mhTGuDgTeJv4Z84HWQVT0e6tc5Y-9UHS=w500-rw
Điện thoại Samsung Galaxy S23 Plus,- Bộ nhớ: 256GB,Màu sắc: Phantom Black,20.990.000,https://phongvu.vn/samsung-galaxy-s23-plus--p500203,https://lh3.googleusercontent.com/z9wwwfBTCnLgCgK3PodpjU7xZS2q-q13tXqmAudqr2TVakywDdxGbVS3OiFMh_b46aDpu21S3yXGpByVVAY2xX3geVnjPFoU=w500-rw
Điện thoại Samsung Galaxy S23 Ultra,- Bộ nhớ: 256GB,Màu sắc: Cotton Flower,25.490.000,https://phongvu.vn/samsung-galaxy-s23-ultra--p500205,https://lh3.googleusercontent.com/rf3uXgs-1xxwJ9J8MPJcu8LdmfI62xqTFVKTu9QdWf62CH1mo8pdCx7FbZRlPD_XgSzMPLz_Zb79Il-ZxlP5kzqkvJNhrmXbbQ=w500-rw
Điện thoại Samsung Galaxy S23 Ultra,- Bộ nhớ: 256GB,Màu sắc: Botanic Green,24.990.000,https://phongvu.vn/samsung-galaxy-s23-ultra--p500205,https://lh3.googleusercontent.com/9wJ1kIod0RCqmF8uriCIki4n-cpt3ZqYI_Q6YOAJot9_ingCikktEt2VFOAkxk1ssy1YY0vExsj0j4Zl2NjnqRzh0tYbemOy=w500-rw
Điện thoại Samsung Galaxy S23 Ultra,- Bộ nhớ: 256GB,Màu sắc: Phantom Black,24.990.000,https://phongvu.vn/samsung-galaxy-s23-ultra--p500205,https://lh3.googleusercontent.com/xIRalPzJTVjWknI4bn-Bt4MAI5mYN5V6L6_EUXQVfvyiiLJt8pLeGQf23L-DoPOHsD3Pfw-FiKYnL7PcJfwIUl7uMtkeNhg=w500-rw
Điện thoại Samsung Galaxy S23 Ultra,- Bộ nhớ: 512GB,Màu sắc: Phantom Black,27.990.000,https://phongvu.vn/samsung-galaxy-s23-ultra--p500205,https://lh3.googleusercontent.com/NSXL9-xk8adfbsKvuO0-1U9xTvObhjgtgC0zd0mgEAil7qIKIrWvWYAndx2uiPFByUEn-T3ABHubdEzUz8mf3teraN3IO43-hg=w500-rw
Điện thoại Samsung Galaxy S23 Ultra,- Bộ nhớ: 1TB,Màu sắc: Phantom Black,33.990.000,https://phongvu.vn/samsung-galaxy-s23-ultra--p500205,https://lh3.googleusercontent.com/BG_ayQbPEGUCOl4Nbcd5w2Al6doDsVIJQaX10wWCw0aeXkudsh2wnW9yP-INljNt0kMTNfbUPbHNNHAT5j3XSWrY6062JbE=w500-rw
Điện thoại Samsung Galaxy S23 Ultra,- Bộ nhớ: 512GB,Màu sắc: Botanic Green,27.990.000,https://phongvu.vn/samsung-galaxy-s23-ultra--p500205,https://lh3.googleusercontent.com/mebMcxoIpj-zSkv2loBWTI_vTbnnjROxZkrjfMOcNV5biApDYt3gug8qhyJzcQbFX6Rl4m_B4LHz40D8F_f9jtI8B_wT3OWj=w500-rw
Điện thoại Samsung Galaxy S23 Ultra,- Bộ nhớ: 1TB,Màu sắc: Botanic Green,33.990.000,https://phongvu.vn/samsung-galaxy-s23-ultra--p500205,https://lh3.googleusercontent.com/e1lz9Dmc1NUaI87MCLVVhu97VeXQCWK1rKYveEKw-qi3LrXJ2M6rOjPaMniqhyEbwC1k6Z4hTI3Iv6tkVla6imPxkEgEkxwd=w500-rw
Điện thoại Samsung Galaxy S23 Ultra,- Bộ nhớ: 512GB,Màu sắc: Cotton Flower,28.490.000,https://phongvu.vn/samsung-galaxy-s23-ultra--p500205,https://lh3.googleusercontent.com/0QHZXj3NgaLsTc8ZiBTyFMSfNXe61a7YfFABav8fn3sqlwhvIihlEc0N3TaTaWLfHWwk4EUqq-BxG9dRXz-I3m1vtYcaqzpQ=w500-rw
Điện thoại Samsung Galaxy S23 Ultra,- Bộ nhớ: 1TB,Màu sắc: Cotton Flower,33.990.000,https://phongvu.vn/samsung-galaxy-s23-ultra--p500205,https://lh3.googleusercontent.com/pQLNNIVXAbgo410RphLk-ay_Wm9Pn8_RHccGVWXR3NjJMl72V48KVA7svUqGRogEufx2ZNYM82bL-WsjgyCMTOZtcs5o9A-CEg=w500-rw
Điện thoại Samsung Galaxy S23 Plus,- Bộ nhớ: 512GB,Màu sắc: Phantom Black,23.790.000,https://phongvu.vn/samsung-galaxy-s23-plus--p500203,https://lh3.googleusercontent.com/iyd9Y7-TpBcNIit7BvOIxCOorKGg4T30oGJUgBz_YagBydV5uW-GPsAA9CsjQZeGaAc4s84dhkNoyi7jV04eIsUNwzYNySc=w500-rw
Điện thoại Samsung Galaxy S23 Plus,- Bộ nhớ: 512GB,Màu sắc: Botanic Green,23.190.000,https://phongvu.vn/samsung-galaxy-s23-plus--p500203,https://lh3.googleusercontent.com/Y17i8rdzcdTlGwiKO1dlmHX98HLDNKM_qeH_rHRrCRMB-Xar9e4wgeI510D2pxA2JjbCKBA-gGk7gj6pttq9oooDcOCQOeBCtQ=w500-rw
Điện thoại Samsung Galaxy S23 Plus,- Bộ nhớ: 512GB,Màu sắc: Cotton Flower,23.790.000,https://phongvu.vn/samsung-galaxy-s23-plus--p500203,https://lh3.googleusercontent.com/fAffDb-euG7Z3TXGv7wFbb3kSnGB-ZXvRBR06WHGqCZWeuXukRDda98V_APGNkdWCOJWiXQBol_5yNtOhUoSM_2MKjmLwA4=w500-rw
Điện thoại Samsung Galaxy Z Flip4 8GB,- Bộ nhớ: 256GB,Màu sắc: Pink Gold,19.490.000,https://phongvu.vn/samsung-galaxy-z-flip4-8gb--p466799,https://lh3.googleusercontent.com/2VwIvf1OVeSWRnEoNAUB7HV39GnQlaBZxPquS08qWVFzFSYbAFMhsuYnSoIgAYF7yfh08BGXazuGroHCfV907vLNLeZhLPQc5A=w500-rw
Điện thoại Samsung Galaxy Z Flip4 8GB,- Bộ nhớ: 256GB,Màu sắc: Graphite,19.490.000,https://phongvu.vn/samsung-galaxy-z-flip4-8gb--p466799,https://lh3.googleusercontent.com/jrTJRuNGMHjzagbs6Spno64nzs1bSK4b-actDfUfxUQSoxhQd4LNqg7sNubu-F8wA4cLVFI6G0zjk9CoEEOGN6-su4s7SjKq=w500-rw
Điện thoại Samsung Galaxy Z Flip4 8GB,- Bộ nhớ: 256GB,Màu sắc: Purple,19.490.000,https://phongvu.vn/samsung-galaxy-z-flip4-8gb--p466799,https://lh3.googleusercontent.com/PCNS1AHsOu0RVe0wvWsFG80Jav1PXCRDFWeVDLOk56p9c5GSMiD5ui_atRbmljKMGknGuYKQ5AikhHWW6Nt62Qbl53hOUi1OZA=w500-rw
Bundle Nubia Red Magic 6s Pro,- Bộ nhớ: 128GB,Màu sắc: Eclipse Black,9.990.000,https://phongvu.vn/bundle-nubia-red-magic-6s-pro--p440475,https://lh3.googleusercontent.com/uOwM1vXAaoZKz6nVfRM-9GUJ-ra0J6ZfWDObiEk-_JCOoeCLp3Hy2yvbSWpk3YtvE7M4aPLox3Hvur6nvuVozq0JhNt5fWzDQw=w500-rw
ZTE Blade V40 Vita,- Bộ nhớ: 128GB,Màu sắc: Black,2.790.000,https://phongvu.vn/zte-blade-v40-vita--p440452,https://lh3.googleusercontent.com/XwsWL45BKAE1Via_anDFgbplvz4JsHZMiTVG-pGa7XCGIT8L5iRTsSeChlLQ2g-_YMBZZppwmJR-IuVWrbQDDKlw8ypOb8C-qA=w500-rw
ZTE Blade V40 Vita,- Bộ nhớ: 128GB,Màu sắc: Blue,2.790.000,https://phongvu.vn/zte-blade-v40-vita--p440452,https://lh3.googleusercontent.com/nfsx37K9q7AcZOCqPZTv-Gcsj1JLmGtSmzGzM7ON3LY_8Ave1VpbutjD2wntHsLiNzAJ0Ae5X_O2aKtwMt8Pcayedec8RTs=w500-rw
ZTE Blade A52,- Bộ nhớ: 64GB,Màu sắc: Space Gray,3.190.000,https://phongvu.vn/zte-blade-a52--p440451,https://lh3.googleusercontent.com/Wn8SzcEbHUniDzPWROGy5COS3OX0ze9NxCSWt9pvOlS0ooFCZPHEbsx0yeT1aHHFiPteaiZvSWHnOZ3O1dVl8pLXofsNLBV8=w500-rw
ZTE Blade A52,- Bộ nhớ: 64GB,Màu sắc: Crystal Blue,1.990.000,https://phongvu.vn/zte-blade-a52--p440451,https://lh3.googleusercontent.com/g1TNdkaXiaqa8xjZ_EEKfyJjKVfZxB6tH5XSlFq4vfeEDNnifSvDa40JhCCwzZ0SUzH9sR6h8xa9pOQpmAjjJuWb8q5zjGjG6Q=w500-rw
ZTE Blade A52,- Bộ nhớ: 64GB,Màu sắc: Silk Gold,1.990.000,https://phongvu.vn/zte-blade-a52--p440451,https://lh3.googleusercontent.com/kz_Y3su_qrfN4iLrV6gx9LoF8yQ27favSjDqGeWoQaQeTUiHVZk-B4wBFciqJVd8EaJOuK53yL1VmX0UqSvoOQvyvZfEK-62=w500-rw
Xiaomi Redmi Note 11 Pro 5G,- Bộ nhớ: 128GB,Màu sắc: Space Gray,8.590.000,https://phongvu.vn/xiaomi-redmi-note-11-pro-5g--p415248,https://lh3.googleusercontent.com/jgLs65ph_2QOjbgHjHmUWsmhN3liENfhNHV35xsZiEbkWpOCFY4RwTFGBsmkaO651zpl5-5N7PtBoNFxd0W1euWApYTpEsM=w500-rw
Xiaomi Redmi Note 11 Pro 5G,- Bộ nhớ: 128GB,Màu sắc: White,6.490.000,https://phongvu.vn/xiaomi-redmi-note-11-pro-5g--p415248,https://lh3.googleusercontent.com/OD0GciPjRMfksr9qshEY6s3xbxsSUxK5Pow7w1L6wfjDY44GLi5g0RillGBguuHQTV_g0FJK7l13htVDgesRegboYGP9YUMiDg=w500-rw
Xiaomi Redmi Note 11 Pro 5G,- Bộ nhớ: 128GB,Màu sắc: Blue,8.490.000,https://phongvu.vn/xiaomi-redmi-note-11-pro-5g--p415248,https://lh3.googleusercontent.com/T2UF8Edub06SHncMlgZR4AZAPfITxAhpggqm_grWA3BChA_34oEIHe8zJ_bF7jLyyhH-UvQrPrtbG_EjXWxM6x-CqltRvtaN=w500-rw
iPhone 13 | Chính Hãng VNA,- Bộ nhớ: 128GB,Màu sắc: Midnight,16.490.000,https://phongvu.vn/iphone-13--p418533,https://lh3.googleusercontent.com/JhobnPWmHwua6cmc2KxC1wMxVOOHxgTbhDZYfgcPJfoXLzmHA3dEDcCJOS84GzR9AYecudqkUQwmJdlS2TCqLHvZhO7rGLaj=w500-rw
iPhone 13 | Chính Hãng VNA,- Bộ nhớ: 256GB,Màu sắc: Red,18.990.000,https://phongvu.vn/iphone-13--p418533,https://lh3.googleusercontent.com/pF38toMxCnWIGG-8oT7cdFrxP-g5du8305GyxFyRmsUMsDUlNE35aFkFYHv9WlUdzP0nsIyKTDMbom2ZaJMQqW1IOGKSNN5QbA=w500-rw
iPhone 13 | Chính Hãng VNA,- Bộ nhớ: 128GB,Màu sắc: Starlight,16.490.000,https://phongvu.vn/iphone-13--p418533,https://lh3.googleusercontent.com/cClNLoko8G6F-KOsn6QHZVBLRcDP2vMJ2w51_H9Lp4-yxL8MXUvyfW5lTgzOYBZWN7uiV4zWXqrZ1M_RGnxXDVxUSZHZ6e6X=w500-rw
iPhone 13 | Chính Hãng VNA,- Bộ nhớ: 256GB,Màu sắc: Red,18.990.000,https://phongvu.vn/iphone-13--p418533,https://lh3.googleusercontent.com/pF38toMxCnWIGG-8oT7cdFrxP-g5du8305GyxFyRmsUMsDUlNE35aFkFYHv9WlUdzP0nsIyKTDMbom2ZaJMQqW1IOGKSNN5QbA=w500-rw
iPhone 13 | Chính Hãng VNA,- Bộ nhớ: 128GB,Màu sắc: Pink,16.490.000,https://phongvu.vn/iphone-13--p418533,https://lh3.googleusercontent.com/5e1gpn6HAFSGvNTtESTuVc6lQe8jSWKVRGR0WypjMQSk0s4HM_leWxRpAi6_41kBnRxzxXz9nF3kBANiyMV8TJsyQKS1jhxESQ=w500-rw
iPhone 13 | Chính Hãng VNA,- Bộ nhớ: 128GB,Màu sắc: Pink,16.490.000,https://phongvu.vn/iphone-13--p418533,https://lh3.googleusercontent.com/5e1gpn6HAFSGvNTtESTuVc6lQe8jSWKVRGR0WypjMQSk0s4HM_leWxRpAi6_41kBnRxzxXz9nF3kBANiyMV8TJsyQKS1jhxESQ=w500-rw
Điện thoại Xiaomi Redmi 12C (4GB/64GB) (Xanh dương),- Bộ nhớ: 64GB,Màu sắc: Blue,3.190.000,https://phongvu.vn/dien-thoai-xiaomi-redmi-12c-64gb-blue--s230303623,https://lh3.googleusercontent.com/wSCq7HZuqP30D8ZFZrFpi95EX_GLeN22ZymVx5_it-B8QjrqL2xdQ8q98PJix7lE0BtpOfTaPNVazU84Gv9YyADTC57OAss=w500-rw
Điện thoại Xiaomi Redmi 12C (4GB/64GB) (Xám),- Bộ nhớ: 64GB,Màu sắc: Space Gray,3.190.000,https://phongvu.vn/dien-thoai-xiaomi-redmi-12c-64gb-gray--s230303625,https://lh3.googleusercontent.com/JPkFZcZZ6NiClXFDLpowFOzkWbBCw-tLMmYIYtyvModBscXDWlyH5RfVPIvKnsJmFtp2a9vhNshNqJjCCk92Q5BGkaLxXEI=w500-rw
Điện thoại Xiaomi Redmi 12C (4GB/64GB) (Xám),- Bộ nhớ: 64GB,Màu sắc: Space Gray,3.190.000,https://phongvu.vn/dien-thoai-xiaomi-redmi-12c-64gb-gray--s230303625,https://lh3.googleusercontent.com/JPkFZcZZ6NiClXFDLpowFOzkWbBCw-tLMmYIYtyvModBscXDWlyH5RfVPIvKnsJmFtp2a9vhNshNqJjCCk92Q5BGkaLxXEI=w500-rw
Điện thoại Xiaomi Redmi 12C (4GB/64GB) (Xám),- Bộ nhớ: 64GB,Màu sắc: Space Gray,3.190.000,https://phongvu.vn/dien-thoai-xiaomi-redmi-12c-64gb-gray--s230303625,https://lh3.googleusercontent.com/JPkFZcZZ6NiClXFDLpowFOzkWbBCw-tLMmYIYtyvModBscXDWlyH5RfVPIvKnsJmFtp2a9vhNshNqJjCCk92Q5BGkaLxXEI=w500-rw
Điện thoại Xiaomi Redmi 12C (4GB/64GB) (Xám),- Bộ nhớ: 64GB,Màu sắc: Space Gray,3.190.000,https://phongvu.vn/dien-thoai-xiaomi-redmi-12c-64gb-gray--s230303625,https://lh3.googleusercontent.com/JPkFZcZZ6NiClXFDLpowFOzkWbBCw-tLMmYIYtyvModBscXDWlyH5RfVPIvKnsJmFtp2a9vhNshNqJjCCk92Q5BGkaLxXEI=w500-rw
Điện thoại Xiaomi Redmi 12C (4GB/64GB) (Xanh dương),- Bộ nhớ: 64GB,Màu sắc: Blue,3.190.000,https://phongvu.vn/dien-thoai-xiaomi-redmi-12c-64gb-blue--s230303623,https://lh3.googleusercontent.com/wSCq7HZuqP30D8ZFZrFpi95EX_GLeN22ZymVx5_it-B8QjrqL2xdQ8q98PJix7lE0BtpOfTaPNVazU84Gv9YyADTC57OAss=w500-rw
iPhone 13 | Chính Hãng VNA,- Bộ nhớ: 256GB,Màu sắc: Red,18.990.000,https://phongvu.vn/iphone-13--p418533,https://lh3.googleusercontent.com/pF38toMxCnWIGG-8oT7cdFrxP-g5du8305GyxFyRmsUMsDUlNE35aFkFYHv9WlUdzP0nsIyKTDMbom2ZaJMQqW1IOGKSNN5QbA=w500-rw
iPhone 13 | Chính Hãng VNA,- Bộ nhớ: 256GB,Màu sắc: Pink,18.990.000,https://phongvu.vn/iphone-13--p418533,https://lh3.googleusercontent.com/bmr7cMgC_mp_9mobfvqwH_E4frMbs7fL00MdW7Ca8ky9TDwWtLiNn7BjDzWnlFsiJsgxR2p_2lvbVrz0RPAi19KGBGKXu9M5=w500-rw
